Time,Temperature(C),Humidity(%RH),MAC Address
2023-05-19 00:00:00,22.23,23.97,49:22:07:07:19:98
2023-05-19 00:30:00,22.25,23.89,
2023-05-19 01:00:00,22.27,23.81,
2023-05-19 01:30:00,22.26,24.21,
2023-05-19 02:00:00,22.25,24.32,
2023-05-19 02:30:00,22.24,24.43,
2023-05-19 03:00:00,22.22,24.54,
2023-05-19 03:30:00,22.21,24.65,
2023-05-19 04:00:00,22.2,24.76,
2023-05-19 04:30:00,22.18,24.87,
2023-05-19 05:00:00,22.17,24.98,
2023-05-19 05:30:00,22.16,25.09,
2023-05-19 06:00:00,22.14,25.2,
2023-05-19 06:30:00,22.15,25.81,
2023-05-19 07:00:00,22.13,26.91,
2023-05-19 07:30:00,22.1,28.02,
2023-05-19 08:00:00,22.07,29.13,
2023-05-19 08:30:00,22.04,30.23,
2023-05-19 09:00:00,22.01,31.34,
2023-05-19 09:30:00,21.98,32.45,
2023-05-19 10:00:00,21.95,33.55,
2023-05-19 10:30:00,21.92,34.66,
2023-05-19 11:00:00,21.89,35.77,
2023-05-19 11:30:00,21.78,37.08,
2023-05-19 12:00:00,21.79,37.61,
2023-05-19 12:30:00,21.81,38.14,
2023-05-19 13:00:00,21.82,38.67,
2023-05-19 13:30:00,21.84,39.2,
2023-05-19 14:00:00,21.85,39.73,
2023-05-19 14:30:00,21.87,40.26,
2023-05-19 15:00:00,21.88,40.79,
2023-05-19 15:30:00,21.9,41.32,
2023-05-19 16:00:00,21.92,41.85,
2023-05-19 16:30:00,22.02,41.9,
2023-05-19 17:00:00,22,42.37,
2023-05-19 17:30:00,21.97,42.84,
2023-05-19 18:00:00,21.94,43.31,
2023-05-19 18:30:00,21.91,43.78,
2023-05-19 19:00:00,21.89,44.25,
2023-05-19 19:30:00,21.86,44.72,
2023-05-19 20:00:00,21.83,45.19,
2023-05-19 20:30:00,21.8,45.66,
2023-05-19 21:00:00,21.77,46.13,
2023-05-19 21:30:00,22.02,46.54,
2023-05-19 22:00:00,22,46.88,
2023-05-19 22:30:00,21.98,47.22,
2023-05-19 23:00:00,21.95,47.56,
2023-05-19 23:30:00,21.93,47.9,
2023-05-20 00:00:00,21.9,48.24,
2023-05-20 00:30:00,21.88,48.58,
2023-05-20 01:00:00,21.85,48.92,
2023-05-20 01:30:00,21.83,49.26,
2023-05-20 02:00:00,21.8,49.6,
2023-05-20 02:30:00,21.89,49.97,
2023-05-20 03:00:00,21.88,49.82,
2023-05-20 03:30:00,21.87,49.66,
2023-05-20 04:00:00,21.85,49.51,
2023-05-20 04:30:00,21.84,49.35,
2023-05-20 05:00:00,21.83,49.2,
2023-05-20 05:30:00,21.81,49.04,
2023-05-20 06:00:00,21.8,48.89,
2023-05-20 06:30:00,21.79,48.73,
2023-05-20 07:00:00,21.77,48.57,
2023-05-20 07:30:00,21.95,49.18,
2023-05-20 08:00:00,21.93,49.65,
2023-05-20 08:30:00,21.91,50.13,
2023-05-20 09:00:00,21.89,50.6,
2023-05-20 09:30:00,21.87,51.08,
2023-05-20 10:00:00,21.85,51.55,
2023-05-20 10:30:00,21.83,52.03,
2023-05-20 11:00:00,21.81,52.5,
2023-05-20 11:30:00,21.79,52.98,
2023-05-20 12:00:00,21.77,53.46,
2023-05-20 12:30:00,21.89,53.55,
2023-05-20 13:00:00,21.84,56.8,
2023-05-20 13:30:00,21.79,60.05,
2023-05-20 14:00:00,21.73,63.3,
2023-05-20 14:30:00,21.68,66.55,
2023-05-20 15:00:00,21.62,69.8,
2023-05-20 15:30:00,21.57,73.05,
2023-05-20 16:00:00,21.51,76.3,
2023-05-20 16:30:00,21.46,79.55,
2023-05-20 17:00:00,21.4,82.8,
2023-05-20 17:30:00,21.4,81.11,
2023-05-20 18:00:00,21.43,81.44,
2023-05-20 18:30:00,21.46,81.78,
2023-05-20 19:00:00,21.5,82.12,
2023-05-20 19:30:00,21.53,82.46,
2023-05-20 20:00:00,21.56,82.8,
2023-05-20 20:30:00,21.6,83.14,
2023-05-20 21:00:00,21.63,83.48,
2023-05-20 21:30:00,21.66,83.82,
2023-05-20 22:00:00,21.7,84.16,
2023-05-20 22:30:00,21.65,84.37,
2023-05-20 23:00:00,21.66,84.06,
2023-05-20 23:30:00,21.67,83.75,
2023-05-21 00:00:00,21.69,83.44,
2023-05-21 00:30:00,21.7,83.13,
2023-05-21 01:00:00,21.71,82.82,
2023-05-21 01:30:00,21.73,82.51,
2023-05-21 02:00:00,21.74,82.2,
2023-05-21 02:30:00,21.75,81.89,
2023-05-21 03:00:00,21.77,81.57,
2023-05-21 03:30:00,21.65,84.26,
2023-05-21 04:00:00,21.67,83.94,
2023-05-21 04:30:00,21.7,83.61,
2023-05-21 05:00:00,21.73,83.28,
2023-05-21 05:30:00,21.75,82.96,
2023-05-21 06:00:00,21.78,82.63,
2023-05-21 06:30:00,21.81,82.3,
2023-05-21 07:00:00,21.83,81.98,
2023-05-21 07:30:00,21.86,81.65,
2023-05-21 08:00:00,21.89,81.32,
2023-05-21 08:30:00,21.65,84.64,
2023-05-21 09:00:00,21.67,84.35,
2023-05-21 09:30:00,21.7,84.05,
2023-05-21 10:00:00,21.73,83.76,
2023-05-21 10:30:00,21.75,83.46,
2023-05-21 11:00:00,21.78,83.17,
2023-05-21 11:30:00,21.81,82.87,
2023-05-21 12:00:00,21.83,82.58,
2023-05-21 12:30:00,21.86,82.28,
2023-05-21 13:00:00,21.89,81.98,
2023-05-21 13:30:00,21.7,85.07,
2023-05-21 14:00:00,21.72,84.65,
2023-05-21 14:30:00,21.74,84.22,
2023-05-21 15:00:00,21.76,83.79,
2023-05-21 15:30:00,21.78,83.36,
2023-05-21 16:00:00,21.81,82.93,
2023-05-21 16:30:00,21.83,82.5,
2023-05-21 17:00:00,21.85,82.07,
2023-05-21 17:30:00,21.87,81.64,
2023-05-21 18:00:00,21.9,81.21,
2023-05-21 18:30:00,21.7,85.57,
2023-05-21 19:00:00,21.72,85.08,
2023-05-21 19:30:00,21.75,84.59,
2023-05-21 20:00:00,21.78,84.09,
2023-05-21 20:30:00,21.8,83.6,
2023-05-21 21:00:00,21.83,83.11,
2023-05-21 21:30:00,21.86,82.61,
2023-05-21 22:00:00,21.88,82.12,
2023-05-21 22:30:00,21.91,81.63,
2023-05-21 23:00:00,21.94,81.13,
2023-05-21 23:30:00,21.84,85.89,
2023-05-22 00:00:00,21.86,85.31,
2023-05-22 00:30:00,21.89,84.73,
2023-05-22 01:00:00,21.92,84.15,
2023-05-22 01:30:00,21.95,83.57,
2023-05-22 02:00:00,21.97,82.98,
2023-05-22 02:30:00,22,82.4,
2023-05-22 03:00:00,22.03,81.82,
2023-05-22 03:30:00,22.06,81.24,
2023-05-22 04:00:00,22.09,80.65,
2023-05-22 04:30:00,21.89,85.43,
2023-05-22 05:00:00,21.91,84.53,
2023-05-22 05:30:00,21.94,83.63,
2023-05-22 06:00:00,21.97,82.73,
2023-05-22 06:30:00,21.99,81.83,
2023-05-22 07:00:00,22.02,80.93,
2023-05-22 07:30:00,22.05,80.03,
2023-05-22 08:00:00,22.07,79.13,
2023-05-22 08:30:00,22.1,78.23,
2023-05-22 09:00:00,22.13,77.32,
2023-05-22 09:30:00,22.12,78.51,
2023-05-22 10:00:00,22.1,78.06,
2023-05-22 10:30:00,22.07,77.6,
2023-05-22 11:00:00,22.05,77.14,
2023-05-22 11:30:00,22.02,76.69,
2023-05-22 12:00:00,22,76.23,
2023-05-22 12:30:00,21.97,75.77,
2023-05-22 13:00:00,21.95,75.32,
2023-05-22 13:30:00,21.92,74.86,
2023-05-22 14:00:00,21.89,74.4,
2023-05-22 14:30:00,22.02,79.06,
2023-05-22 15:00:00,22,78.7,
2023-05-22 15:30:00,21.97,78.33,
2023-05-22 16:00:00,21.94,77.97,
2023-05-22 16:30:00,21.91,77.6,
2023-05-22 17:00:00,21.89,77.24,
2023-05-22 17:30:00,21.86,76.87,
2023-05-22 18:00:00,21.83,76.51,
2023-05-22 18:30:00,21.8,76.14,
2023-05-22 19:00:00,21.77,75.77,
2023-05-22 19:30:00,21.77,75.01,
2023-05-22 20:00:00,21.79,74.83,
2023-05-22 20:30:00,21.82,74.65,
2023-05-22 21:00:00,21.85,74.47,
2023-05-22 21:30:00,21.88,74.29,
2023-05-22 22:00:00,21.9,74.11,
2023-05-22 22:30:00,21.93,73.93,
2023-05-22 23:00:00,21.96,73.75,
2023-05-22 23:30:00,21.99,73.57,
2023-05-23 00:00:00,22.02,73.38,
2023-05-23 00:30:00,21.88,74.45,
2023-05-23 01:00:00,21.89,74.26,
2023-05-23 01:30:00,21.91,74.07,
2023-05-23 02:00:00,21.92,73.87,
2023-05-23 02:30:00,21.94,73.68,
2023-05-23 03:00:00,21.95,73.49,
2023-05-23 03:30:00,21.97,73.29,
2023-05-23 04:00:00,21.98,73.1,
2023-05-23 04:30:00,22,72.91,
2023-05-23 05:00:00,22.02,72.71,
2023-05-23 05:30:00,22.09,60.74,
2023-05-23 06:00:00,22.07,61.95,
2023-05-23 06:30:00,22.04,63.16,
2023-05-23 07:00:00,22.01,64.37,
2023-05-23 07:30:00,21.98,65.58,
2023-05-23 08:00:00,21.96,66.79,
2023-05-23 08:30:00,21.93,68,
2023-05-23 09:00:00,21.9,69.21,
2023-05-23 09:30:00,21.87,70.42,
2023-05-23 10:00:00,21.84,71.64,
2023-05-23 10:30:00,21.84,59.94,
2023-05-23 11:00:00,21.82,59.64,
2023-05-23 11:30:00,21.8,59.34,
2023-05-23 12:00:00,21.78,59.03,
2023-05-23 12:30:00,21.76,58.73,
2023-05-23 13:00:00,21.74,58.43,
2023-05-23 13:30:00,21.72,58.12,
2023-05-23 14:00:00,21.7,57.82,
2023-05-23 14:30:00,21.68,57.52,
2023-05-23 15:00:00,21.65,57.21,
2023-05-23 15:30:00,21.67,57.4,
2023-05-23 16:00:00,21.68,57.53,
2023-05-23 16:30:00,21.69,57.67,
2023-05-23 17:00:00,21.7,57.81,
2023-05-23 17:30:00,21.71,57.94,
2023-05-23 18:00:00,21.73,58.08,
2023-05-23 18:30:00,21.74,58.22,
2023-05-23 19:00:00,21.75,58.35,
2023-05-23 19:30:00,21.76,58.49,
2023-05-23 20:00:00,21.78,58.63,
2023-05-23 20:30:00,21.65,56.94,
2023-05-23 21:00:00,21.66,57.17,
2023-05-23 21:30:00,21.68,57.41,
2023-05-23 22:00:00,21.7,57.65,
2023-05-23 22:30:00,21.71,57.89,
2023-05-23 23:00:00,21.73,58.13,
2023-05-23 23:30:00,21.75,58.37,
2023-05-24 00:00:00,21.76,58.61,
2023-05-24 00:30:00,21.78,58.85,
2023-05-24 01:00:00,21.8,59.09,
2023-05-24 01:30:00,21.66,59.18,
2023-05-24 02:00:00,21.68,59.8,
2023-05-24 02:30:00,21.71,60.43,
2023-05-24 03:00:00,21.73,61.06,
2023-05-24 03:30:00,21.76,61.69,
2023-05-24 04:00:00,21.78,62.32,
2023-05-24 04:30:00,21.81,62.95,
2023-05-24 05:00:00,21.83,63.58,
2023-05-24 05:30:00,21.86,64.21,
2023-05-24 06:00:00,21.89,64.84,
2023-05-24 06:30:00,21.91,65.69,
2023-05-24 07:00:00,21.89,63.31,
2023-05-24 07:30:00,21.86,60.93,
2023-05-24 08:00:00,21.83,58.55,
2023-05-24 08:30:00,21.8,56.17,
2023-05-24 09:00:00,21.77,53.78,
2023-05-24 09:30:00,21.74,51.4,
2023-05-24 10:00:00,21.71,49.02,
2023-05-24 10:30:00,21.68,46.64,
2023-05-24 11:00:00,21.65,44.25,
2023-05-24 11:30:00,21.66,61.8,
2023-05-24 12:00:00,21.64,61.36,
2023-05-24 12:30:00,21.61,60.91,
2023-05-24 13:00:00,21.58,60.47,
2023-05-24 13:30:00,21.56,60.02,
2023-05-24 14:00:00,21.53,59.58,
2023-05-24 14:30:00,21.5,59.13,
2023-05-24 15:00:00,21.48,58.69,
2023-05-24 15:30:00,21.45,58.24,
2023-05-24 16:00:00,21.42,57.79,
2023-05-24 16:30:00,21.65,57.88,
2023-05-24 17:00:00,21.66,57.68,
2023-05-24 17:30:00,21.67,57.48,
2023-05-24 18:00:00,21.69,57.27,
2023-05-24 18:30:00,21.7,57.07,
2023-05-24 19:00:00,21.71,56.86,
2023-05-24 19:30:00,21.73,56.66,
2023-05-24 20:00:00,21.74,56.45,
2023-05-24 20:30:00,21.75,56.25,
2023-05-24 21:00:00,21.77,56.04,
2023-05-24 21:30:00,21.65,57.02,
2023-05-24 22:00:00,21.66,56.85,
2023-05-24 22:30:00,21.67,56.68,
2023-05-24 23:00:00,21.69,56.51,
2023-05-24 23:30:00,21.7,56.34,
2023-05-25 00:00:00,21.71,56.17,
2023-05-25 00:30:00,21.73,56,
2023-05-25 01:00:00,21.74,55.83,
2023-05-25 01:30:00,21.75,55.66,
2023-05-25 02:00:00,21.77,55.48,
2023-05-25 02:30:00,21.65,55.9,
2023-05-25 03:00:00,21.66,55.73,
2023-05-25 03:30:00,21.67,55.56,
2023-05-25 04:00:00,21.69,55.39,
2023-05-25 04:30:00,21.7,55.22,
2023-05-25 05:00:00,21.71,55.05,
2023-05-25 05:30:00,21.73,54.88,
2023-05-25 06:00:00,21.74,54.71,
2023-05-25 06:30:00,21.75,54.54,
2023-05-25 07:00:00,21.77,54.36,
2023-05-25 07:30:00,21.76,56.15,
2023-05-25 08:00:00,21.75,55.76,
2023-05-25 08:30:00,21.74,55.37,
2023-05-25 09:00:00,21.73,54.97,
2023-05-25 09:30:00,21.72,54.58,
2023-05-25 10:00:00,21.7,54.18,
2023-05-25 10:30:00,21.69,53.79,
2023-05-25 11:00:00,21.68,53.39,
2023-05-25 11:30:00,21.67,53,
2023-05-25 12:00:00,21.65,52.6,
2023-05-25 12:30:00,21.65,52.15,
2023-05-25 13:00:00,21.63,51.94,
2023-05-25 13:30:00,21.6,51.72,
2023-05-25 14:00:00,21.57,51.5,
2023-05-25 14:30:00,21.54,51.28,
2023-05-25 15:00:00,21.52,51.07,
2023-05-25 15:30:00,21.49,50.85,
2023-05-25 16:00:00,21.46,50.63,
2023-05-25 16:30:00,21.43,50.41,
2023-05-25 17:00:00,21.4,50.19,
2023-05-25 17:30:00,21.52,50.27,
2023-05-25 18:00:00,21.54,50.95,
2023-05-25 18:30:00,21.56,51.63,
2023-05-25 19:00:00,21.58,52.32,
2023-05-25 19:30:00,21.6,53,
2023-05-25 20:00:00,21.62,53.68,
2023-05-25 20:30:00,21.64,54.37,
2023-05-25 21:00:00,21.66,55.05,
2023-05-25 21:30:00,21.68,55.73,
2023-05-25 22:00:00,21.7,56.42,
2023-05-25 22:30:00,21.65,56,
2023-05-25 23:00:00,21.66,56.21,
2023-05-25 23:30:00,21.67,56.43,
2023-05-26 00:00:00,21.69,56.65,
2023-05-26 00:30:00,21.7,56.87,
2023-05-26 01:00:00,21.71,57.08,
2023-05-26 01:30:00,21.73,57.3,
2023-05-26 02:00:00,21.74,57.52,
2023-05-26 02:30:00,21.75,57.74,
2023-05-26 03:00:00,21.77,57.96,
2023-05-26 03:30:00,21.88,58.31,
2023-05-26 04:00:00,21.84,58.01,
2023-05-26 04:30:00,21.8,57.71,
2023-05-26 05:00:00,21.76,57.41,
2023-05-26 05:30:00,21.72,57.11,
2023-05-26 06:00:00,21.68,56.81,
2023-05-26 06:30:00,21.64,56.51,
2023-05-26 07:00:00,21.6,56.21,
2023-05-26 07:30:00,21.56,55.91,
2023-05-26 08:00:00,21.52,55.61,
2023-05-26 08:30:00,21.52,72.42,
2023-05-26 09:00:00,21.54,73.45,
2023-05-26 09:30:00,21.56,74.48,
2023-05-26 10:00:00,21.58,75.52,
2023-05-26 10:30:00,21.6,76.55,
2023-05-26 11:00:00,21.62,77.59,
2023-05-26 11:30:00,21.64,78.62,
2023-05-26 12:00:00,21.66,79.66,
2023-05-26 12:30:00,21.68,80.69,
2023-05-26 13:00:00,21.7,81.73,
2023-05-26 13:30:00,21.52,81.93,
2023-05-26 14:00:00,21.53,81.78,
2023-05-26 14:30:00,21.54,81.62,
2023-05-26 15:00:00,21.56,81.46,
2023-05-26 15:30:00,21.57,81.31,
2023-05-26 16:00:00,21.59,81.15,
2023-05-26 16:30:00,21.6,80.99,
2023-05-26 17:00:00,21.62,80.84,
2023-05-26 17:30:00,21.63,80.68,
2023-05-26 18:00:00,21.65,80.52,
2023-05-26 18:30:00,21.65,80.88,
2023-05-26 19:00:00,21.66,80.98,
2023-05-26 19:30:00,21.67,81.09,
2023-05-26 20:00:00,21.69,81.19,
2023-05-26 20:30:00,21.7,81.3,
2023-05-26 21:00:00,21.71,81.4,
2023-05-26 21:30:00,21.73,81.51,
2023-05-26 22:00:00,21.74,81.61,
2023-05-26 22:30:00,21.75,81.72,
2023-05-26 23:00:00,21.77,81.83,
2023-05-26 23:30:00,21.65,80.24,
2023-05-27 00:00:00,21.67,80.63,
2023-05-27 00:30:00,21.7,81.02,
2023-05-27 01:00:00,21.73,81.41,
2023-05-27 01:30:00,21.75,81.8,
2023-05-27 02:00:00,21.78,82.19,
2023-05-27 02:30:00,21.81,82.58,
2023-05-27 03:00:00,21.83,82.97,
2023-05-27 03:30:00,21.86,83.36,
2023-05-27 04:00:00,21.89,83.75,
2023-05-27 04:30:00,21.65,81.16,
2023-05-27 05:00:00,21.67,81.46,
2023-05-27 05:30:00,21.69,81.76,
2023-05-27 06:00:00,21.72,82.06,
2023-05-27 06:30:00,21.74,82.36,
2023-05-27 07:00:00,21.76,82.67,
2023-05-27 07:30:00,21.79,82.97,
2023-05-27 08:00:00,21.81,83.27,
2023-05-27 08:30:00,21.83,83.57,
2023-05-27 09:00:00,21.86,83.88,
2023-05-27 09:30:00,21.77,82,
2023-05-27 10:00:00,21.74,81.82,
2023-05-27 10:30:00,21.7,81.63,
2023-05-27 11:00:00,21.66,81.45,
2023-05-27 11:30:00,21.62,81.26,
2023-05-27 12:00:00,21.58,81.08,
2023-05-27 12:30:00,21.54,80.89,
2023-05-27 13:00:00,21.5,80.71,
2023-05-27 13:30:00,21.46,80.52,
2023-05-27 14:00:00,21.42,80.33,
2023-05-27 14:30:00,21.4,80.18,
2023-05-27 15:00:00,21.43,80.62,
2023-05-27 15:30:00,21.46,81.07,
2023-05-27 16:00:00,21.49,81.51,
2023-05-27 16:30:00,21.52,81.96,
2023-05-27 17:00:00,21.55,82.4,
2023-05-27 17:30:00,21.58,82.85,
2023-05-27 18:00:00,21.61,83.29,
2023-05-27 18:30:00,21.64,83.74,
2023-05-27 19:00:00,21.67,84.19,
2023-05-27 19:30:00,21.7,80.65,
2023-05-27 20:00:00,21.74,81.36,
2023-05-27 20:30:00,21.79,82.07,
2023-05-27 21:00:00,21.84,82.78,
2023-05-27 21:30:00,21.88,83.49,
2023-05-27 22:00:00,21.93,84.21,
2023-05-27 22:30:00,21.98,84.92,
2023-05-27 23:00:00,22.02,85.63,
2023-05-27 23:30:00,22.07,86.34,
2023-05-28 00:00:00,22.12,87.06,
2023-05-28 00:30:00,22.14,79.89,
2023-05-28 01:00:00,22.18,81.25,
2023-05-28 01:30:00,22.23,82.61,
2023-05-28 02:00:00,22.28,83.97,
2023-05-28 02:30:00,22.33,85.33,
2023-05-28 03:00:00,22.38,86.7,
2023-05-28 03:30:00,22.43,88.06,
2023-05-28 04:00:00,22.48,89.42,
2023-05-28 04:30:00,22.53,90.78,
2023-05-28 05:00:00,22.58,92.15,
2023-05-28 05:30:00,22.41,88.16,
2023-05-28 06:00:00,22.37,87.12,
2023-05-28 06:30:00,22.33,86.07,
2023-05-28 07:00:00,22.28,85.02,
2023-05-28 07:30:00,22.24,83.97,
2023-05-28 08:00:00,22.2,82.92,
2023-05-28 08:30:00,22.15,81.87,
2023-05-28 09:00:00,22.11,80.82,
2023-05-28 09:30:00,22.07,79.77,
2023-05-28 10:00:00,22.02,78.72,
2023-05-28 10:30:00,22.2,79.64,
2023-05-28 11:00:00,22.16,80.23,
2023-05-28 11:30:00,22.12,80.83,
2023-05-28 12:00:00,22.08,81.43,
2023-05-28 12:30:00,22.04,82.02,
2023-05-28 13:00:00,22,82.62,
2023-05-28 13:30:00,21.96,83.22,
2023-05-28 14:00:00,21.92,83.81,
2023-05-28 14:30:00,21.88,84.41,
2023-05-28 15:00:00,21.84,85.01,
2023-05-28 15:30:00,21.77,79.19,
2023-05-28 16:00:00,21.81,80.24,
2023-05-28 16:30:00,21.85,81.3,
2023-05-28 17:00:00,21.9,82.35,
2023-05-28 17:30:00,21.94,83.41,
2023-05-28 18:00:00,21.99,84.46,
2023-05-28 18:30:00,22.03,85.52,
2023-05-28 19:00:00,22.08,86.57,
2023-05-28 19:30:00,22.12,87.63,
2023-05-28 20:00:00,22.17,88.69,
2023-05-28 20:30:00,22.02,82.62,
2023-05-28 21:00:00,22.06,82,
2023-05-28 21:30:00,22.1,81.37,
2023-05-28 22:00:00,22.14,80.74,
2023-05-28 22:30:00,22.18,80.11,
2023-05-28 23:00:00,22.23,79.48,
2023-05-28 23:30:00,22.27,78.85,
2023-05-29 00:00:00,22.31,78.22,
2023-05-29 00:30:00,22.35,77.59,
2023-05-29 01:00:00,22.4,76.96,
2023-05-29 01:30:00,22.33,78.3,
2023-05-29 02:00:00,22.36,79.49,
2023-05-29 02:30:00,22.39,80.68,
2023-05-29 03:00:00,22.43,81.87,
2023-05-29 03:30:00,22.46,83.06,
2023-05-29 04:00:00,22.5,84.25,
2023-05-29 04:30:00,22.53,85.44,
2023-05-29 05:00:00,22.57,86.63,
2023-05-29 05:30:00,22.6,87.82,
2023-05-29 06:00:00,22.64,89.02,
2023-05-29 06:30:00,22.14,87.25,
2023-05-29 07:00:00,22.17,85.72,
2023-05-29 07:30:00,22.2,84.18,
2023-05-29 08:00:00,22.23,82.64,
2023-05-29 08:30:00,22.26,81.11,
2023-05-29 09:00:00,22.29,79.57,
2023-05-29 09:30:00,22.32,78.03,
2023-05-29 10:00:00,22.35,76.5,
2023-05-29 10:30:00,22.38,74.96,
2023-05-29 11:00:00,22.42,73.42,
2023-05-29 11:30:00,22.26,85.05,
2023-05-29 12:00:00,22.31,83.14,
2023-05-29 12:30:00,22.36,81.22,
2023-05-29 13:00:00,22.42,79.3,
2023-05-29 13:30:00,22.47,77.38,
2023-05-29 14:00:00,22.53,75.47,
2023-05-29 14:30:00,22.58,73.55,
2023-05-29 15:00:00,22.64,71.63,
2023-05-29 15:30:00,22.69,69.71,
2023-05-29 16:00:00,22.75,67.79,
2023-05-29 16:30:00,23.08,67.77,
2023-05-29 17:00:00,23.01,69.16,
2023-05-29 17:30:00,22.93,70.56,
2023-05-29 18:00:00,22.86,71.96,
2023-05-29 18:30:00,22.78,73.36,
2023-05-29 19:00:00,22.71,74.75,
2023-05-29 19:30:00,22.63,76.15,
2023-05-29 20:00:00,22.56,77.55,
2023-05-29 20:30:00,22.48,78.95,
2023-05-29 21:00:00,22.4,80.35,
2023-05-29 21:30:00,22.58,73.97,
2023-05-29 22:00:00,22.55,74.77,
2023-05-29 22:30:00,22.51,75.58,
2023-05-29 23:00:00,22.47,76.39,
2023-05-29 23:30:00,22.43,77.2,
2023-05-30 00:00:00,22.4,78,
2023-05-30 00:30:00,22.36,78.81,
2023-05-30 01:00:00,22.32,79.62,
2023-05-30 01:30:00,22.28,80.43,
2023-05-30 02:00:00,22.24,81.24,
2023-05-30 02:30:00,22.33,80.98,
2023-05-30 03:00:00,22.4,79.59,
2023-05-30 03:30:00,22.48,78.19,
2023-05-30 04:00:00,22.56,76.8,
2023-05-30 04:30:00,22.63,75.4,
2023-05-30 05:00:00,22.71,74.01,
2023-05-30 05:30:00,22.79,72.61,
2023-05-30 06:00:00,22.86,71.22,
2023-05-30 06:30:00,22.94,69.82,
2023-05-30 07:00:00,23.02,68.42,
2023-05-30 07:30:00,22.76,72.06,
2023-05-30 08:00:00,22.72,71.44,
2023-05-30 08:30:00,22.68,70.82,
2023-05-30 09:00:00,22.64,70.2,
2023-05-30 09:30:00,22.6,69.58,
2023-05-30 10:00:00,22.56,68.96,
2023-05-30 10:30:00,22.52,68.34,
2023-05-30 11:00:00,22.48,67.72,
2023-05-30 11:30:00,22.44,67.1,
2023-05-30 12:00:00,22.4,66.48,
2023-05-30 12:30:00,22.26,72,
2023-05-30 13:00:00,22.31,71.39,
2023-05-30 13:30:00,22.37,70.78,
2023-05-30 14:00:00,22.42,70.17,
2023-05-30 14:30:00,22.48,69.56,
2023-05-30 15:00:00,22.53,68.94,
2023-05-30 15:30:00,22.59,68.33,
2023-05-30 16:00:00,22.64,67.72,
2023-05-30 16:30:00,22.7,67.11,
2023-05-30 17:00:00,22.76,66.49,
2023-05-30 17:30:00,22.7,64.79,
2023-05-30 18:00:00,22.65,65.6,
2023-05-30 18:30:00,22.59,66.41,
2023-05-30 19:00:00,22.54,67.22,
2023-05-30 19:30:00,22.48,68.03,
2023-05-30 20:00:00,22.43,68.84,
2023-05-30 20:30:00,22.37,69.65,
2023-05-30 21:00:00,22.32,70.46,
2023-05-30 21:30:00,22.26,71.27,
2023-05-30 22:00:00,22.2,72.08,
2023-05-30 22:30:00,22.2,70.46,
2023-05-30 23:00:00,22.23,70.99,
2023-05-30 23:30:00,22.27,71.53,
2023-05-31 00:00:00,22.3,72.07,
2023-05-31 00:30:00,22.34,72.6,
2023-05-31 01:00:00,22.37,73.14,
2023-05-31 01:30:00,22.41,73.68,
2023-05-31 02:00:00,22.44,74.21,
2023-05-31 02:30:00,22.48,74.75,
2023-05-31 03:00:00,22.52,75.29,
2023-05-31 03:30:00,22.26,75.68,
2023-05-31 04:00:00,22.32,74.92,
2023-05-31 04:30:00,22.39,74.16,
2023-05-31 05:00:00,22.46,73.39,
2023-05-31 05:30:00,22.53,72.63,
2023-05-31 06:00:00,22.6,71.87,
2023-05-31 06:30:00,22.67,71.1,
2023-05-31 07:00:00,22.74,70.34,
2023-05-31 07:30:00,22.81,69.58,
2023-05-31 08:00:00,22.88,68.81,
2023-05-31 08:30:00,22.89,64.3,
2023-05-31 09:00:00,22.85,65.27,
2023-05-31 09:30:00,22.8,66.24,
2023-05-31 10:00:00,22.75,67.21,
2023-05-31 10:30:00,22.7,68.18,
2023-05-31 11:00:00,22.65,69.16,
2023-05-31 11:30:00,22.6,70.13,
2023-05-31 12:00:00,22.55,71.1,
2023-05-31 12:30:00,22.5,72.07,
2023-05-31 13:00:00,22.45,73.05,
2023-05-31 13:30:00,22.9,66.71,
2023-05-31 14:00:00,22.87,67.17,
2023-05-31 14:30:00,22.83,67.63,
2023-05-31 15:00:00,22.8,68.1,
2023-05-31 15:30:00,22.76,68.56,
2023-05-31 16:00:00,22.73,69.02,
2023-05-31 16:30:00,22.69,69.49,
2023-05-31 17:00:00,22.66,69.95,
2023-05-31 17:30:00,22.62,70.41,
2023-05-31 18:00:00,22.58,70.88,
2023-05-31 18:30:00,22.64,69.46,
2023-05-31 19:00:00,22.6,70.37,
2023-05-31 19:30:00,22.55,71.29,
2023-05-31 20:00:00,22.5,72.2,
2023-05-31 20:30:00,22.45,73.12,
2023-05-31 21:00:00,22.4,74.03,
2023-05-31 21:30:00,22.35,74.95,
2023-05-31 22:00:00,22.3,75.86,
2023-05-31 22:30:00,22.25,76.78,
2023-05-31 23:00:00,22.2,77.7,
2023-05-31 23:30:00,22.15,79.61,
2023-06-01 00:00:00,22.17,79.1,
2023-06-01 00:30:00,22.2,78.58,
2023-06-01 01:00:00,22.23,78.06,
2023-06-01 01:30:00,22.26,77.55,
2023-06-01 02:00:00,22.28,77.03,
2023-06-01 02:30:00,22.31,76.51,
2023-06-01 03:00:00,22.34,76,
2023-06-01 03:30:00,22.37,75.48,
2023-06-01 04:00:00,22.4,74.96,
2023-06-01 04:30:00,23.15,80.03,
2023-06-01 05:00:00,23.09,78.73,
2023-06-01 05:30:00,23.03,77.42,
2023-06-01 06:00:00,22.96,76.11,
2023-06-01 06:30:00,22.9,74.8,
2023-06-01 07:00:00,22.84,73.49,
2023-06-01 07:30:00,22.77,72.18,
2023-06-01 08:00:00,22.71,70.87,
2023-06-01 08:30:00,22.65,69.56,
2023-06-01 09:00:00,22.58,68.25,
2023-06-01 09:30:00,22.43,69.52,
2023-06-01 10:00:00,22.55,70.35,
2023-06-01 10:30:00,22.68,71.19,
2023-06-01 11:00:00,22.81,72.02,
2023-06-01 11:30:00,22.94,72.86,
2023-06-01 12:00:00,23.06,73.69,
2023-06-01 12:30:00,23.19,74.53,
2023-06-01 13:00:00,23.32,75.36,
2023-06-01 13:30:00,23.45,76.2,
2023-06-01 14:00:00,23.58,77.04,
2023-06-01 14:30:00,23.77,68.2,
2023-06-01 15:00:00,23.73,69.07,
2023-06-01 15:30:00,23.69,69.95,
2023-06-01 16:00:00,23.64,70.83,
2023-06-01 16:30:00,23.6,71.71,
2023-06-01 17:00:00,23.56,72.59,
2023-06-01 17:30:00,23.51,73.47,
2023-06-01 18:00:00,23.47,74.35,
2023-06-01 18:30:00,23.43,75.23,
2023-06-01 19:00:00,23.38,76.11,
2023-06-01 19:30:00,23.39,74.33,
2023-06-01 20:00:00,23.35,74.92,
2023-06-01 20:30:00,23.31,75.51,
2023-06-01 21:00:00,23.27,76.11,
2023-06-01 21:30:00,23.23,76.7,
2023-06-01 22:00:00,23.19,77.29,
2023-06-01 22:30:00,23.15,77.89,
2023-06-01 23:00:00,23.11,78.48,
2023-06-01 23:30:00,23.07,79.07,
2023-06-02 00:00:00,23.02,79.67,
2023-06-02 00:30:00,22.75,80.03,
2023-06-02 01:00:00,22.85,80.14,
2023-06-02 01:30:00,22.95,80.25,
2023-06-02 02:00:00,23.06,80.36,
2023-06-02 02:30:00,23.16,80.47,
2023-06-02 03:00:00,23.27,80.58,
2023-06-02 03:30:00,23.37,80.69,
2023-06-02 04:00:00,23.48,80.8,
2023-06-02 04:30:00,23.58,80.91,
2023-06-02 05:00:00,23.69,81.02,
2023-06-02 05:30:00,24.09,79.51,
2023-06-02 06:00:00,24.03,78.39,
2023-06-02 06:30:00,23.97,77.26,
2023-06-02 07:00:00,23.9,76.13,
2023-06-02 07:30:00,23.84,75,
2023-06-02 08:00:00,23.77,73.87,
2023-06-02 08:30:00,23.71,72.74,
2023-06-02 09:00:00,23.64,71.61,
2023-06-02 09:30:00,23.58,70.48,
2023-06-02 10:00:00,23.51,69.35,
2023-06-02 10:30:00,23.63,65.42,
2023-06-02 11:00:00,23.61,67.33,
2023-06-02 11:30:00,23.58,69.24,
2023-06-02 12:00:00,23.55,71.16,
2023-06-02 12:30:00,23.53,73.07,
2023-06-02 13:00:00,23.5,74.98,
2023-06-02 13:30:00,23.47,76.9,
2023-06-02 14:00:00,23.45,78.81,
2023-06-02 14:30:00,23.42,80.72,
2023-06-02 15:00:00,23.39,82.64,
2023-06-02 15:30:00,22.4,67.13,
2023-06-02 16:00:00,22.27,68.72,
2023-06-02 16:30:00,22.13,70.32,
2023-06-02 17:00:00,21.99,71.92,
2023-06-02 17:30:00,21.85,73.51,
2023-06-02 18:00:00,21.71,75.11,
2023-06-02 18:30:00,21.57,76.71,
2023-06-02 19:00:00,21.43,78.3,
2023-06-02 19:30:00,21.29,79.9,
2023-06-02 20:00:00,21.15,81.5,
2023-06-02 20:30:00,21.21,80.83,
2023-06-02 21:00:00,21.19,80.42,
2023-06-02 21:30:00,21.17,80,
2023-06-02 22:00:00,21.15,79.58,
2023-06-02 22:30:00,21.13,79.17,
2023-06-02 23:00:00,21.11,78.75,
2023-06-02 23:30:00,21.09,78.33,
2023-06-03 00:00:00,21.07,77.92,
2023-06-03 00:30:00,21.05,77.5,
2023-06-03 01:00:00,21.03,77.08,
2023-06-03 01:30:00,20.9,77.04,
2023-06-03 02:00:00,20.95,76.45,
2023-06-03 02:30:00,21.01,75.86,
2023-06-03 03:00:00,21.06,75.27,
2023-06-03 03:30:00,21.12,74.68,
2023-06-03 04:00:00,21.17,74.09,
2023-06-03 04:30:00,21.23,73.5,
2023-06-03 05:00:00,21.28,72.91,
2023-06-03 05:30:00,21.34,72.32,
2023-06-03 06:00:00,21.4,71.73,
2023-06-03 06:30:00,21.21,71.43,
2023-06-03 07:00:00,21.25,71.03,
2023-06-03 07:30:00,21.3,70.62,
2023-06-03 08:00:00,21.35,70.21,
2023-06-03 08:30:00,21.4,69.8,
2023-06-03 09:00:00,21.45,69.39,
2023-06-03 09:30:00,21.5,68.98,
2023-06-03 10:00:00,21.55,68.57,
2023-06-03 10:30:00,21.6,68.16,
2023-06-03 11:00:00,21.65,67.75,
2023-06-03 11:30:00,21.4,64.28,
2023-06-03 12:00:00,21.42,64.69,
2023-06-03 12:30:00,21.45,65.1,
2023-06-03 13:00:00,21.48,65.52,
2023-06-03 13:30:00,21.51,65.93,
2023-06-03 14:00:00,21.53,66.35,
2023-06-03 14:30:00,21.56,66.76,
2023-06-03 15:00:00,21.59,67.18,
2023-06-03 15:30:00,21.62,67.59,
2023-06-03 16:00:00,21.65,68.01,
2023-06-03 16:30:00,21.4,62.63,
2023-06-03 17:00:00,21.38,62.97,
2023-06-03 17:30:00,21.35,63.31,
2023-06-03 18:00:00,21.32,63.65,
2023-06-03 18:30:00,21.29,63.99,
2023-06-03 19:00:00,21.27,64.34,
2023-06-03 19:30:00,21.24,64.68,
2023-06-03 20:00:00,21.21,65.02,
2023-06-03 20:30:00,21.18,65.36,
2023-06-03 21:00:00,21.15,65.71,
2023-06-03 21:30:00,21.15,64.72,
2023-06-03 22:00:00,21.17,64.92,
2023-06-03 22:30:00,21.2,65.13,
2023-06-03 23:00:00,21.23,65.33,
2023-06-03 23:30:00,21.26,65.54,
2023-06-04 00:00:00,21.28,65.74,
2023-06-04 00:30:00,21.31,65.95,
2023-06-04 01:00:00,21.34,66.15,
2023-06-04 01:30:00,21.37,66.36,
2023-06-04 02:00:00,21.4,66.57,
2023-06-04 02:30:00,21.18,65.72,
2023-06-04 03:00:00,21.23,65.33,
2023-06-04 03:30:00,21.28,64.94,
2023-06-04 04:00:00,21.34,64.55,
2023-06-04 04:30:00,21.39,64.16,
2023-06-04 05:00:00,21.45,63.77,
2023-06-04 05:30:00,21.5,63.38,
2023-06-04 06:00:00,21.56,62.99,
2023-06-04 06:30:00,21.61,62.6,
2023-06-04 07:00:00,21.67,62.2,
2023-06-04 07:30:00,21.67,62.25,
2023-06-04 08:00:00,21.64,61.85,
2023-06-04 08:30:00,21.61,61.45,
2023-06-04 09:00:00,21.58,61.05,
2023-06-04 09:30:00,21.55,60.65,
2023-06-04 10:00:00,21.51,60.25,
2023-06-04 10:30:00,21.48,59.85,
2023-06-04 11:00:00,21.45,59.45,
2023-06-04 11:30:00,21.42,59.05,
2023-06-04 12:00:00,21.38,58.64,
2023-06-04 12:30:00,21.4,58.4,
2023-06-04 13:00:00,21.38,58.5,
2023-06-04 13:30:00,21.36,58.6,
2023-06-04 14:00:00,21.33,58.7,
2023-06-04 14:30:00,21.31,58.8,
2023-06-04 15:00:00,21.28,58.9,
2023-06-04 15:30:00,21.26,59,
2023-06-04 16:00:00,21.23,59.1,
2023-06-04 16:30:00,21.21,59.2,
2023-06-04 17:00:00,21.18,59.31,
2023-06-04 17:30:00,21.4,59.64,
2023-06-04 18:00:00,21.35,60.15,
2023-06-04 18:30:00,21.29,60.66,
2023-06-04 19:00:00,21.24,61.17,
2023-06-04 19:30:00,21.18,61.68,
2023-06-04 20:00:00,21.13,62.19,
2023-06-04 20:30:00,21.07,62.7,
2023-06-04 21:00:00,21.02,63.21,
2023-06-04 21:30:00,20.96,63.72,
2023-06-04 22:00:00,20.9,64.23,
2023-06-04 22:30:00,21.03,67.24,
2023-06-04 23:00:00,21.04,66.95,
2023-06-04 23:30:00,21.05,66.66,
2023-06-05 00:00:00,21.07,66.37,
2023-06-05 00:30:00,21.08,66.08,
2023-06-05 01:00:00,21.09,65.79,
2023-06-05 01:30:00,21.11,65.5,
2023-06-05 02:00:00,21.12,65.21,
2023-06-05 02:30:00,21.13,64.92,
2023-06-05 03:00:00,21.15,64.63,
2023-06-05 03:30:00,21.09,67.63,
2023-06-05 04:00:00,21.12,67.45,
2023-06-05 04:30:00,21.15,67.27,
2023-06-05 05:00:00,21.19,67.09,
2023-06-05 05:30:00,21.22,66.91,
2023-06-05 06:00:00,21.26,66.72,
2023-06-05 06:30:00,21.29,66.54,
2023-06-05 07:00:00,21.33,66.36,
2023-06-05 07:30:00,21.36,66.18,
2023-06-05 08:00:00,21.4,65.99,
2023-06-05 08:30:00,21.34,55.01,
2023-06-05 09:00:00,21.25,56.28,
2023-06-05 09:30:00,21.16,57.56,
2023-06-05 10:00:00,21.07,58.84,
2023-06-05 10:30:00,20.98,60.11,
2023-06-05 11:00:00,20.89,61.39,
2023-06-05 11:30:00,20.8,62.67,
2023-06-05 12:00:00,20.71,63.94,
2023-06-05 12:30:00,20.62,65.22,
2023-06-05 13:00:00,20.53,66.5,
2023-06-05 13:30:00,20.77,61.83,
2023-06-05 14:00:00,20.81,62.04,
2023-06-05 14:30:00,20.85,62.26,
2023-06-05 15:00:00,20.89,62.47,
2023-06-05 15:30:00,20.93,62.69,
2023-06-05 16:00:00,20.98,62.9,
2023-06-05 16:30:00,21.02,63.12,
2023-06-05 17:00:00,21.06,63.33,
2023-06-05 17:30:00,21.1,63.55,
2023-06-05 18:00:00,21.15,63.77,
2023-06-05 18:30:00,20.91,64.59,
2023-06-05 19:00:00,20.93,64.92,
2023-06-05 19:30:00,20.96,65.26,
2023-06-05 20:00:00,20.99,65.6,
2023-06-05 20:30:00,21.01,65.93,
2023-06-05 21:00:00,21.04,66.27,
2023-06-05 21:30:00,21.07,66.61,
2023-06-05 22:00:00,21.09,66.94,
2023-06-05 22:30:00,21.12,67.28,
2023-06-05 23:00:00,21.15,67.62,
2023-06-05 23:30:00,20.93,67.91,
2023-06-06 00:00:00,20.94,68.06,
2023-06-06 00:30:00,20.96,68.22,
2023-06-06 01:00:00,20.98,68.38,
2023-06-06 01:30:00,21,68.54,
2023-06-06 02:00:00,21.01,68.7,
2023-06-06 02:30:00,21.03,68.86,
2023-06-06 03:00:00,21.05,69.02,
2023-06-06 03:30:00,21.07,69.18,
2023-06-06 04:00:00,21.09,69.34,
2023-06-06 04:30:00,21.2,69.27,
2023-06-06 05:00:00,21.18,69.06,
2023-06-06 05:30:00,21.15,68.84,
2023-06-06 06:00:00,21.12,68.62,
2023-06-06 06:30:00,21.1,68.4,
2023-06-06 07:00:00,21.07,68.18,
2023-06-06 07:30:00,21.04,67.96,
2023-06-06 08:00:00,21.02,67.74,
2023-06-06 08:30:00,20.99,67.52,
2023-06-06 09:00:00,20.96,67.3,
2023-06-06 09:30:00,21.15,70.28,
2023-06-06 10:00:00,21.3,69.71,
2023-06-06 10:30:00,21.46,69.14,
2023-06-06 11:00:00,21.62,68.57,
2023-06-06 11:30:00,21.78,68,
2023-06-06 12:00:00,21.94,67.43,
2023-06-06 12:30:00,22.1,66.86,
2023-06-06 13:00:00,22.26,66.29,
2023-06-06 13:30:00,22.42,65.72,
2023-06-06 14:00:00,22.58,65.15,
2023-06-06 14:30:00,21.92,68.14,
2023-06-06 15:00:00,21.95,67.79,
2023-06-06 15:30:00,21.98,67.43,
2023-06-06 16:00:00,22.01,67.07,
2023-06-06 16:30:00,22.04,66.71,
2023-06-06 17:00:00,22.07,66.36,
2023-06-06 17:30:00,22.1,66,
2023-06-06 18:00:00,22.13,65.64,
2023-06-06 18:30:00,22.16,65.28,
2023-06-06 19:00:00,22.2,64.92,
2023-06-06 19:30:00,22.02,68.71,
2023-06-06 20:00:00,21.99,68.51,
2023-06-06 20:30:00,21.95,68.31,
2023-06-06 21:00:00,21.92,68.1,
2023-06-06 21:30:00,21.88,67.9,
2023-06-06 22:00:00,21.85,67.7,
2023-06-06 22:30:00,21.81,67.49,
2023-06-06 23:00:00,21.78,67.29,
2023-06-06 23:30:00,21.74,67.09,
2023-06-07 00:00:00,21.7,66.88,
2023-06-07 00:30:00,21.77,66.09,
2023-06-07 01:00:00,21.79,65.74,
2023-06-07 01:30:00,21.82,65.38,
2023-06-07 02:00:00,21.85,65.02,
2023-06-07 02:30:00,21.88,64.66,
2023-06-07 03:00:00,21.9,64.3,
2023-06-07 03:30:00,21.93,63.94,
2023-06-07 04:00:00,21.96,63.58,
2023-06-07 04:30:00,21.99,63.22,
2023-06-07 05:00:00,22.02,62.86,
2023-06-07 05:30:00,22.33,64.99,
2023-06-07 06:00:00,22.27,62.85,
2023-06-07 06:30:00,22.21,60.7,
2023-06-07 07:00:00,22.14,58.55,
2023-06-07 07:30:00,22.08,56.41,
2023-06-07 08:00:00,22.01,54.26,
2023-06-07 08:30:00,21.95,52.11,
2023-06-07 09:00:00,21.88,49.97,
2023-06-07 09:30:00,21.82,47.82,
2023-06-07 10:00:00,21.75,45.67,
2023-06-07 10:30:00,21.68,65.9,
2023-06-07 11:00:00,21.74,65.71,
2023-06-07 11:30:00,21.8,65.52,
2023-06-07 12:00:00,21.87,65.32,
2023-06-07 12:30:00,21.93,65.13,
2023-06-07 13:00:00,21.99,64.93,
2023-06-07 13:30:00,22.06,64.74,
2023-06-07 14:00:00,22.12,64.54,
2023-06-07 14:30:00,22.18,64.35,
2023-06-07 15:00:00,22.25,64.15,
2023-06-07 15:30:00,21.89,68.73,
2023-06-07 16:00:00,21.94,68.24,
2023-06-07 16:30:00,22,67.75,
2023-06-07 17:00:00,22.06,67.26,
2023-06-07 17:30:00,22.11,66.77,
2023-06-07 18:00:00,22.17,66.28,
2023-06-07 18:30:00,22.23,65.79,
2023-06-07 19:00:00,22.28,65.3,
2023-06-07 19:30:00,22.34,64.81,
2023-06-07 20:00:00,22.4,64.31,
2023-06-07 20:30:00,22.4,69.02,
2023-06-07 21:00:00,22.37,69.38,
2023-06-07 21:30:00,22.34,69.74,
2023-06-07 22:00:00,22.3,70.1,
2023-06-07 22:30:00,22.27,70.46,
2023-06-07 23:00:00,22.23,70.83,
2023-06-07 23:30:00,22.2,71.19,
2023-06-08 00:00:00,22.16,71.55,
2023-06-08 00:30:00,22.13,71.91,
2023-06-08 01:00:00,22.09,72.28,
2023-06-08 01:30:00,22.12,74.15,
2023-06-08 02:00:00,22.19,73.59,
2023-06-08 02:30:00,22.26,73.03,
2023-06-08 03:00:00,22.33,72.47,
2023-06-08 03:30:00,22.4,71.91,
2023-06-08 04:00:00,22.48,71.34,
2023-06-08 04:30:00,22.55,70.78,
2023-06-08 05:00:00,22.62,70.22,
2023-06-08 05:30:00,22.69,69.66,
2023-06-08 06:00:00,22.77,69.09,
2023-06-08 06:30:00,23.02,72.85,
2023-06-08 07:00:00,22.93,72.33,
2023-06-08 07:30:00,22.84,71.8,
2023-06-08 08:00:00,22.74,71.27,
2023-06-08 08:30:00,22.65,70.74,
2023-06-08 09:00:00,22.55,70.21,
2023-06-08 09:30:00,22.46,69.68,
2023-06-08 10:00:00,22.36,69.15,
2023-06-08 10:30:00,22.27,68.62,
2023-06-08 11:00:00,22.17,68.09,
2023-06-08 11:30:00,22.26,67.1,
2023-06-08 12:00:00,22.35,67.47,
2023-06-08 12:30:00,22.45,67.84,
2023-06-08 13:00:00,22.55,68.21,
2023-06-08 13:30:00,22.65,68.58,
2023-06-08 14:00:00,22.74,68.95,
2023-06-08 14:30:00,22.84,69.32,
2023-06-08 15:00:00,22.94,69.69,
2023-06-08 15:30:00,23.04,70.06,
2023-06-08 16:00:00,23.14,70.44,
2023-06-08 16:30:00,22.84,68.45,
2023-06-08 17:00:00,22.77,69.14,
2023-06-08 17:30:00,22.7,69.83,
2023-06-08 18:00:00,22.63,70.52,
2023-06-08 18:30:00,22.56,71.21,
2023-06-08 19:00:00,22.49,71.91,
2023-06-08 19:30:00,22.42,72.6,
2023-06-08 20:00:00,22.35,73.29,
2023-06-08 20:30:00,22.28,73.98,
2023-06-08 21:00:00,22.2,74.68,
2023-06-08 21:30:00,22.15,73.39,
2023-06-08 22:00:00,22.19,73.87,
2023-06-08 22:30:00,22.23,74.36,
2023-06-08 23:00:00,22.27,74.85,
2023-06-08 23:30:00,22.31,75.34,
2023-06-09 00:00:00,22.35,75.83,
2023-06-09 00:30:00,22.39,76.32,
2023-06-09 01:00:00,22.43,76.81,
2023-06-09 01:30:00,22.47,77.3,
2023-06-09 02:00:00,22.51,77.79,
2023-06-09 02:30:00,22.25,78.78,
2023-06-09 03:00:00,22.34,77.93,
2023-06-09 03:30:00,22.43,77.07,
2023-06-09 04:00:00,22.52,76.21,
2023-06-09 04:30:00,22.61,75.35,
2023-06-09 05:00:00,22.71,74.5,
2023-06-09 05:30:00,22.8,73.64,
2023-06-09 06:00:00,22.89,72.78,
2023-06-09 06:30:00,22.98,71.92,
2023-06-09 07:00:00,23.08,71.06,
2023-06-09 07:30:00,22.92,76,
2023-06-09 08:00:00,22.81,75.19,
2023-06-09 08:30:00,22.69,74.37,
2023-06-09 09:00:00,22.58,73.56,
2023-06-09 09:30:00,22.46,72.74,
2023-06-09 10:00:00,22.35,71.93,
2023-06-09 10:30:00,22.23,71.11,
2023-06-09 11:00:00,22.12,70.3,
2023-06-09 11:30:00,22,69.48,
2023-06-09 12:00:00,21.88,68.66,
2023-06-09 12:30:00,22.09,55.02,
2023-06-09 13:00:00,22.12,56.67,
2023-06-09 13:30:00,22.15,58.32,
2023-06-09 14:00:00,22.19,59.98,
2023-06-09 14:30:00,22.22,61.63,
2023-06-09 15:00:00,22.26,63.29,
2023-06-09 15:30:00,22.29,64.94,
2023-06-09 16:00:00,22.33,66.6,
2023-06-09 16:30:00,22.36,68.25,
2023-06-09 17:00:00,22.4,69.91,
2023-06-09 17:30:00,22.26,67.16,
2023-06-09 18:00:00,22.24,67.52,
2023-06-09 18:30:00,22.21,67.88,
2023-06-09 19:00:00,22.18,68.25,
2023-06-09 19:30:00,22.16,68.61,
2023-06-09 20:00:00,22.13,68.98,
2023-06-09 20:30:00,22.1,69.34,
2023-06-09 21:00:00,22.08,69.71,
2023-06-09 21:30:00,22.05,70.07,
2023-06-09 22:00:00,22.02,70.44,
2023-06-09 22:30:00,21.89,70.44,
2023-06-09 23:00:00,21.91,70.34,
2023-06-09 23:30:00,21.94,70.23,
2023-06-10 00:00:00,21.97,70.13,
2023-06-10 00:30:00,21.99,70.02,
2023-06-10 01:00:00,22.02,69.92,
2023-06-10 01:30:00,22.05,69.81,
2023-06-10 02:00:00,22.07,69.71,
2023-06-10 02:30:00,22.1,69.6,
2023-06-10 03:00:00,22.13,69.49,
2023-06-10 03:30:00,22.02,70.28,
2023-06-10 04:00:00,22.04,70.04,
2023-06-10 04:30:00,22.07,69.8,
2023-06-10 05:00:00,22.1,69.56,
2023-06-10 05:30:00,22.13,69.32,
2023-06-10 06:00:00,22.15,69.08,
2023-06-10 06:30:00,22.18,68.84,
2023-06-10 07:00:00,22.21,68.6,
2023-06-10 07:30:00,22.24,68.36,
2023-06-10 08:00:00,22.27,68.12,
2023-06-10 08:30:00,22.09,68.53,
2023-06-10 09:00:00,22.11,68.21,
2023-06-10 09:30:00,22.14,67.88,
2023-06-10 10:00:00,22.17,67.55,
2023-06-10 10:30:00,22.19,67.22,
2023-06-10 11:00:00,22.22,66.89,
2023-06-10 11:30:00,22.25,66.56,
2023-06-10 12:00:00,22.27,66.23,
2023-06-10 12:30:00,22.3,65.9,
2023-06-10 13:00:00,22.33,65.57,
2023-06-10 13:30:00,22.08,64.61,
2023-06-10 14:00:00,22.11,64.32,
2023-06-10 14:30:00,22.15,64.03,
2023-06-10 15:00:00,22.18,63.74,
2023-06-10 15:30:00,22.22,63.45,
2023-06-10 16:00:00,22.25,63.16,
2023-06-10 16:30:00,22.29,62.87,
2023-06-10 17:00:00,22.32,62.58,
2023-06-10 17:30:00,22.36,62.29,
2023-06-10 18:00:00,22.4,62,
2023-06-10 18:30:00,22.02,67.41,
2023-06-10 19:00:00,22.04,66.85,
2023-06-10 19:30:00,22.07,66.28,
2023-06-10 20:00:00,22.09,65.71,
2023-06-10 20:30:00,22.12,65.15,
2023-06-10 21:00:00,22.14,64.58,
2023-06-10 21:30:00,22.17,64.01,
2023-06-10 22:00:00,22.19,63.45,
2023-06-10 22:30:00,22.22,62.88,
2023-06-10 23:00:00,22.25,62.31,
2023-06-10 23:30:00,22.02,67.32,
2023-06-11 00:00:00,22.03,67.47,
2023-06-11 00:30:00,22.04,67.62,
2023-06-11 01:00:00,22.05,67.78,
2023-06-11 01:30:00,22.06,67.93,
2023-06-11 02:00:00,22.07,68.09,
2023-06-11 02:30:00,22.08,68.24,
2023-06-11 03:00:00,22.09,68.4,
2023-06-11 03:30:00,22.1,68.55,
2023-06-11 04:00:00,22.12,68.71,
2023-06-11 04:30:00,22.26,68.58,
2023-06-11 05:00:00,22.24,68.46,
2023-06-11 05:30:00,22.22,68.33,
2023-06-11 06:00:00,22.19,68.2,
2023-06-11 06:30:00,22.17,68.08,
2023-06-11 07:00:00,22.15,67.95,
2023-06-11 07:30:00,22.12,67.82,
2023-06-11 08:00:00,22.1,67.7,
2023-06-11 08:30:00,22.08,67.57,
2023-06-11 09:00:00,22.05,67.44,
2023-06-11 09:30:00,22.4,67.76,
2023-06-11 10:00:00,22.38,67.64,
2023-06-11 10:30:00,22.35,67.51,
2023-06-11 11:00:00,22.32,67.38,
2023-06-11 11:30:00,22.29,67.25,
2023-06-11 12:00:00,22.26,67.12,
2023-06-11 12:30:00,22.23,66.99,
2023-06-11 13:00:00,22.2,66.86,
2023-06-11 13:30:00,22.17,66.73,
2023-06-11 14:00:00,22.14,66.6,
2023-06-11 14:30:00,22.2,66.09,
2023-06-11 15:00:00,22.19,66.23,
2023-06-11 15:30:00,22.18,66.37,
2023-06-11 16:00:00,22.17,66.51,
2023-06-11 16:30:00,22.16,66.65,
2023-06-11 17:00:00,22.14,66.79,
2023-06-11 17:30:00,22.13,66.93,
2023-06-11 18:00:00,22.12,67.07,
2023-06-11 18:30:00,22.11,67.21,
2023-06-11 19:00:00,22.09,67.35,
2023-06-11 19:30:00,21.92,67.56,
2023-06-11 20:00:00,21.94,67.69,
2023-06-11 20:30:00,21.97,67.83,
2023-06-11 21:00:00,21.99,67.97,
2023-06-11 21:30:00,22.02,68.1,
2023-06-11 22:00:00,22.04,68.24,
2023-06-11 22:30:00,22.07,68.38,
2023-06-11 23:00:00,22.09,68.51,
2023-06-11 23:30:00,22.12,68.65,
2023-06-12 00:00:00,22.15,68.79,
2023-06-12 00:30:00,21.99,67.99,
2023-06-12 01:00:00,22.01,68.05,
2023-06-12 01:30:00,22.04,68.12,
2023-06-12 02:00:00,22.07,68.19,
2023-06-12 02:30:00,22.1,68.25,
2023-06-12 03:00:00,22.12,68.32,
2023-06-12 03:30:00,22.15,68.39,
2023-06-12 04:00:00,22.18,68.45,
2023-06-12 04:30:00,22.21,68.52,
2023-06-12 05:00:00,22.24,68.59,
2023-06-12 05:30:00,22.4,68.9,
2023-06-12 06:00:00,22.35,68.45,
2023-06-12 06:30:00,22.3,67.99,
2023-06-12 07:00:00,22.24,67.54,
2023-06-12 07:30:00,22.19,67.08,
2023-06-12 08:00:00,22.14,66.63,
2023-06-12 08:30:00,22.08,66.17,
2023-06-12 09:00:00,22.03,65.72,
2023-06-12 09:30:00,21.98,65.26,
2023-06-12 10:00:00,21.92,64.8,
2023-06-12 10:30:00,22.24,67.01,
2023-06-12 11:00:00,22.21,67.16,
2023-06-12 11:30:00,22.17,67.32,
2023-06-12 12:00:00,22.13,67.47,
2023-06-12 12:30:00,22.09,67.63,
2023-06-12 13:00:00,22.05,67.78,
2023-06-12 13:30:00,22.01,67.94,
2023-06-12 14:00:00,21.97,68.09,
2023-06-12 14:30:00,21.93,68.25,
2023-06-12 15:00:00,21.89,68.41,
2023-06-12 15:30:00,22.15,67,
2023-06-12 16:00:00,22.12,66.23,
2023-06-12 16:30:00,22.08,65.45,
2023-06-12 17:00:00,22.05,64.67,
2023-06-12 17:30:00,22.01,63.9,
2023-06-12 18:00:00,21.98,63.12,
2023-06-12 18:30:00,21.94,62.34,
2023-06-12 19:00:00,21.91,61.57,
2023-06-12 19:30:00,21.87,60.79,
2023-06-12 20:00:00,21.83,60.01,
2023-06-12 20:30:00,21.9,66.42,
2023-06-12 21:00:00,21.92,66.57,
2023-06-12 21:30:00,21.94,66.72,
2023-06-12 22:00:00,21.97,66.88,
2023-06-12 22:30:00,21.99,67.03,
2023-06-12 23:00:00,22.02,67.19,
2023-06-12 23:30:00,22.04,67.34,
2023-06-13 00:00:00,22.07,67.5,
2023-06-13 00:30:00,22.09,67.65,
2023-06-13 01:00:00,22.12,67.81,
2023-06-13 01:30:00,21.81,68.66,
2023-06-13 02:00:00,21.84,68.44,
2023-06-13 02:30:00,21.88,68.22,
2023-06-13 03:00:00,21.92,67.99,
2023-06-13 03:30:00,21.95,67.77,
2023-06-13 04:00:00,21.99,67.55,
2023-06-13 04:30:00,22.03,67.32,
2023-06-13 05:00:00,22.06,67.1,
2023-06-13 05:30:00,22.1,66.88,
2023-06-13 06:00:00,22.14,66.65,
2023-06-13 06:30:00,22.26,66.85,
2023-06-13 07:00:00,22.24,66.95,
2023-06-13 07:30:00,22.22,67.06,
2023-06-13 08:00:00,22.19,67.17,
2023-06-13 08:30:00,22.17,67.28,
2023-06-13 09:00:00,22.15,67.38,
2023-06-13 09:30:00,22.12,67.49,
2023-06-13 10:00:00,22.1,67.6,
2023-06-13 10:30:00,22.08,67.71,
2023-06-13 11:00:00,22.05,67.82,
2023-06-13 11:30:00,22.02,67.24,
2023-06-13 12:00:00,22.04,67.05,
2023-06-13 12:30:00,22.07,66.86,
2023-06-13 13:00:00,22.09,66.67,
2023-06-13 13:30:00,22.12,66.48,
2023-06-13 14:00:00,22.14,66.28,
2023-06-13 14:30:00,22.17,66.09,
2023-06-13 15:00:00,22.19,65.9,
2023-06-13 15:30:00,22.22,65.71,
2023-06-13 16:00:00,22.25,65.51,
2023-06-13 16:30:00,22.26,66.49,
2023-06-13 17:00:00,22.22,66.25,
2023-06-13 17:30:00,22.18,66,
2023-06-13 18:00:00,22.14,65.75,
2023-06-13 18:30:00,22.1,65.5,
2023-06-13 19:00:00,22.06,65.25,
2023-06-13 19:30:00,22.02,65,
2023-06-13 20:00:00,21.98,64.75,
2023-06-13 20:30:00,21.94,64.5,
2023-06-13 21:00:00,21.89,64.25,
2023-06-13 21:30:00,22.12,66.95,
2023-06-13 22:00:00,22.09,66.81,
2023-06-13 22:30:00,22.05,66.67,
2023-06-13 23:00:00,22.01,66.52,
2023-06-13 23:30:00,21.97,66.38,
2023-06-14 00:00:00,21.93,66.24,
2023-06-14 00:30:00,21.89,66.09,
2023-06-14 01:00:00,21.85,65.95,
2023-06-14 01:30:00,21.81,65.81,
2023-06-14 02:00:00,21.77,65.66,
2023-06-14 02:30:00,21.74,63.3,
2023-06-14 03:00:00,21.8,63.62,
2023-06-14 03:30:00,21.87,63.95,
2023-06-14 04:00:00,21.93,64.27,
2023-06-14 04:30:00,22,64.6,
2023-06-14 05:00:00,22.06,64.92,
2023-06-14 05:30:00,22.13,65.25,
2023-06-14 06:00:00,22.19,65.57,
2023-06-14 06:30:00,22.26,65.9,
2023-06-14 07:00:00,22.33,66.23,
2023-06-14 07:30:00,22.2,70.68,
2023-06-14 08:00:00,22.15,69.92,
2023-06-14 08:30:00,22.09,69.15,
2023-06-14 09:00:00,22.04,68.38,
2023-06-14 09:30:00,21.98,67.62,
2023-06-14 10:00:00,21.93,66.85,
2023-06-14 10:30:00,21.87,66.08,
2023-06-14 11:00:00,21.82,65.32,
2023-06-14 11:30:00,21.76,64.55,
2023-06-14 12:00:00,21.7,63.78,
2023-06-14 12:30:00,21.65,70.56,
2023-06-14 13:00:00,21.67,70.4,
2023-06-14 13:30:00,21.69,70.23,
2023-06-14 14:00:00,21.71,70.06,
2023-06-14 14:30:00,21.73,69.89,
2023-06-14 15:00:00,21.75,69.72,
2023-06-14 15:30:00,21.77,69.55,
2023-06-14 16:00:00,21.79,69.38,
2023-06-14 16:30:00,21.81,69.21,
2023-06-14 17:00:00,21.83,69.04,
2023-06-14 17:30:00,21.89,69.19,
2023-06-14 18:00:00,21.87,69.4,
2023-06-14 18:30:00,21.84,69.62,
2023-06-14 19:00:00,21.81,69.84,
2023-06-14 19:30:00,21.79,70.06,
2023-06-14 20:00:00,21.76,70.27,
2023-06-14 20:30:00,21.73,70.49,
2023-06-14 21:00:00,21.71,70.71,
2023-06-14 21:30:00,21.68,70.93,
2023-06-14 22:00:00,21.65,71.15,
2023-06-14 22:30:00,21.66,71.19,
2023-06-14 23:00:00,21.68,71.15,
2023-06-14 23:30:00,21.7,71.11,
2023-06-15 00:00:00,21.73,71.07,
2023-06-15 00:30:00,21.75,71.03,
2023-06-15 01:00:00,21.77,70.99,
2023-06-15 01:30:00,21.8,70.95,
2023-06-15 02:00:00,21.82,70.91,
2023-06-15 02:30:00,21.84,70.87,
2023-06-15 03:00:00,21.87,70.82,
2023-06-15 03:30:00,21.65,71.41,
2023-06-15 04:00:00,21.67,71.29,
2023-06-15 04:30:00,21.7,71.16,
2023-06-15 05:00:00,21.73,71.03,
2023-06-15 05:30:00,21.76,70.91,
2023-06-15 06:00:00,21.78,70.78,
2023-06-15 06:30:00,21.81,70.65,
2023-06-15 07:00:00,21.84,70.53,
2023-06-15 07:30:00,21.87,70.4,
2023-06-15 08:00:00,21.9,70.27,
2023-06-15 08:30:00,21.9,69.64,
2023-06-15 09:00:00,21.88,69.79,
2023-06-15 09:30:00,21.85,69.95,
2023-06-15 10:00:00,21.82,70.11,
2023-06-15 10:30:00,21.79,70.27,
2023-06-15 11:00:00,21.77,70.43,
2023-06-15 11:30:00,21.74,70.59,
2023-06-15 12:00:00,21.71,70.75,
2023-06-15 12:30:00,21.68,70.91,
2023-06-15 13:00:00,21.65,71.07,
2023-06-15 13:30:00,21.65,70.82,
2023-06-15 14:00:00,21.66,70.4,
2023-06-15 14:30:00,21.67,69.97,
2023-06-15 15:00:00,21.69,69.54,
2023-06-15 15:30:00,21.7,69.11,
2023-06-15 16:00:00,21.72,68.68,
2023-06-15 16:30:00,21.73,68.25,
2023-06-15 17:00:00,21.75,67.82,
2023-06-15 17:30:00,21.76,67.39,
2023-06-15 18:00:00,21.78,66.96,
2023-06-15 18:30:00,21.77,67.04,
2023-06-15 19:00:00,21.76,67.3,
2023-06-15 19:30:00,21.75,67.56,
2023-06-15 20:00:00,21.73,67.82,
2023-06-15 20:30:00,21.72,68.08,
2023-06-15 21:00:00,21.71,68.35,
2023-06-15 21:30:00,21.69,68.61,
2023-06-15 22:00:00,21.68,68.87,
2023-06-15 22:30:00,21.67,69.13,
2023-06-15 23:00:00,21.65,69.4,
2023-06-15 23:30:00,21.84,69.24,
2023-06-16 00:00:00,21.82,69.31,
2023-06-16 00:30:00,21.8,69.39,
2023-06-16 01:00:00,21.78,69.47,
2023-06-16 01:30:00,21.76,69.55,
2023-06-16 02:00:00,21.74,69.63,
2023-06-16 02:30:00,21.72,69.71,
2023-06-16 03:00:00,21.7,69.79,
2023-06-16 03:30:00,21.68,69.87,
2023-06-16 04:00:00,21.65,69.95,
2023-06-16 04:30:00,21.7,69.84,
2023-06-16 05:00:00,21.72,69.72,
2023-06-16 05:30:00,21.74,69.59,
2023-06-16 06:00:00,21.76,69.46,
2023-06-16 06:30:00,21.78,69.34,
2023-06-16 07:00:00,21.8,69.21,
2023-06-16 07:30:00,21.82,69.08,
2023-06-16 08:00:00,21.84,68.96,
2023-06-16 08:30:00,21.86,68.83,
2023-06-16 09:00:00,21.89,68.7,
2023-06-16 09:30:00,21.65,70.01,
2023-06-16 10:00:00,21.69,69.21,
2023-06-16 10:30:00,21.74,68.4,
2023-06-16 11:00:00,21.79,67.59,
2023-06-16 11:30:00,21.84,66.79,
2023-06-16 12:00:00,21.89,65.98,
2023-06-16 12:30:00,21.94,65.17,
2023-06-16 13:00:00,21.99,64.37,
2023-06-16 13:30:00,22.04,63.56,
2023-06-16 14:00:00,22.09,62.75,
2023-06-16 14:30:00,22.01,69.48,
2023-06-16 15:00:00,22.03,69.11,
2023-06-16 15:30:00,22.05,68.73,
2023-06-16 16:00:00,22.07,68.35,
2023-06-16 16:30:00,22.09,67.98,
2023-06-16 17:00:00,22.11,67.6,
2023-06-16 17:30:00,22.13,67.22,
2023-06-16 18:00:00,22.15,66.85,
2023-06-16 18:30:00,22.17,66.47,
2023-06-16 19:00:00,22.2,66.09,
2023-06-16 19:30:00,22.02,67.16,
2023-06-16 20:00:00,21.99,67.28,
2023-06-16 20:30:00,21.95,67.4,
2023-06-16 21:00:00,21.92,67.52,
2023-06-16 21:30:00,21.88,67.64,
2023-06-16 22:00:00,21.85,67.76,
2023-06-16 22:30:00,21.81,67.88,
2023-06-16 23:00:00,21.78,68,
2023-06-16 23:30:00,21.74,68.12,
2023-06-17 00:00:00,21.7,68.25,
2023-06-17 00:30:00,22.14,68.62,
2023-06-17 01:00:00,22.1,68.55,
2023-06-17 01:30:00,22.06,68.47,
2023-06-17 02:00:00,22.02,68.4,
2023-06-17 02:30:00,21.98,68.32,
2023-06-17 03:00:00,21.94,68.25,
2023-06-17 03:30:00,21.9,68.17,
2023-06-17 04:00:00,21.86,68.1,
2023-06-17 04:30:00,21.82,68.02,
2023-06-17 05:00:00,21.77,67.94,
2023-06-17 05:30:00,22.38,67.94,
2023-06-17 06:00:00,22.34,67.81,
2023-06-17 06:30:00,22.3,67.68,
2023-06-17 07:00:00,22.26,67.55,
2023-06-17 07:30:00,22.22,67.42,
2023-06-17 08:00:00,22.18,67.29,
2023-06-17 08:30:00,22.14,67.16,
2023-06-17 09:00:00,22.1,67.03,
2023-06-17 09:30:00,22.06,66.9,
2023-06-17 10:00:00,22.02,66.77,
2023-06-17 10:30:00,21.9,67.67,
2023-06-17 11:00:00,21.92,67.57,
2023-06-17 11:30:00,21.95,67.47,
2023-06-17 12:00:00,21.98,67.37,
2023-06-17 12:30:00,22,67.27,
2023-06-17 13:00:00,22.03,67.16,
2023-06-17 13:30:00,22.06,67.06,
2023-06-17 14:00:00,22.08,66.96,
2023-06-17 14:30:00,22.11,66.86,
2023-06-17 15:00:00,22.14,66.75,
2023-06-17 15:30:00,22.14,66.88,
2023-06-17 16:00:00,22.12,67.01,
2023-06-17 16:30:00,22.09,67.15,
2023-06-17 17:00:00,22.06,67.29,
2023-06-17 17:30:00,22.03,67.43,
2023-06-17 18:00:00,22,67.56,
2023-06-17 18:30:00,21.97,67.7,
2023-06-17 19:00:00,21.94,67.84,
2023-06-17 19:30:00,21.91,67.98,
2023-06-17 20:00:00,21.88,68.12,
2023-06-17 20:30:00,22.02,68.91,
2023-06-17 21:00:00,22,68.83,
2023-06-17 21:30:00,21.97,68.75,
2023-06-17 22:00:00,21.94,68.67,
2023-06-17 22:30:00,21.91,68.59,
2023-06-17 23:00:00,21.89,68.51,
2023-06-17 23:30:00,21.86,68.43,
2023-06-18 00:00:00,21.83,68.35,
2023-06-18 00:30:00,21.8,68.27,
2023-06-18 01:00:00,21.77,68.19,
2023-06-18 01:30:00,21.77,68.78,
2023-06-18 02:00:00,21.81,68.59,
2023-06-18 02:30:00,21.85,68.39,
2023-06-18 03:00:00,21.89,68.19,
2023-06-18 03:30:00,21.93,68,
2023-06-18 04:00:00,21.98,67.8,
2023-06-18 04:30:00,22.02,67.6,
2023-06-18 05:00:00,22.06,67.41,
2023-06-18 05:30:00,22.1,67.21,
2023-06-18 06:00:00,22.15,67.01,
2023-06-18 06:30:00,22.26,67.45,
2023-06-18 07:00:00,22.24,67.36,
2023-06-18 07:30:00,22.21,67.27,
2023-06-18 08:00:00,22.18,67.18,
2023-06-18 08:30:00,22.16,67.09,
2023-06-18 09:00:00,22.13,66.99,
2023-06-18 09:30:00,22.1,66.9,
2023-06-18 10:00:00,22.08,66.81,
2023-06-18 10:30:00,22.05,66.72,
2023-06-18 11:00:00,22.02,66.62,
2023-06-18 11:30:00,22.09,67.55,
2023-06-18 12:00:00,22.1,67.37,
2023-06-18 12:30:00,22.12,67.19,
2023-06-18 13:00:00,22.14,67.01,
2023-06-18 13:30:00,22.16,66.83,
2023-06-18 14:00:00,22.17,66.65,
2023-06-18 14:30:00,22.19,66.47,
2023-06-18 15:00:00,22.21,66.29,
2023-06-18 15:30:00,22.23,66.11,
2023-06-18 16:00:00,22.25,65.92,
2023-06-18 16:30:00,22.25,65.9,
2023-06-18 17:00:00,22.21,66.06,
2023-06-18 17:30:00,22.17,66.23,
2023-06-18 18:00:00,22.13,66.4,
2023-06-18 18:30:00,22.09,66.57,
2023-06-18 19:00:00,22.04,66.73,
2023-06-18 19:30:00,22,66.9,
2023-06-18 20:00:00,21.96,67.07,
2023-06-18 20:30:00,21.92,67.24,
2023-06-18 21:00:00,21.87,67.41,
2023-06-18 21:30:00,22.05,68.04,
2023-06-18 22:00:00,22.02,67.96,
2023-06-18 22:30:00,21.99,67.88,
2023-06-18 23:00:00,21.96,67.79,
2023-06-18 23:30:00,21.93,67.71,
2023-06-19 00:00:00,21.9,67.62,
2023-06-19 00:30:00,21.87,67.54,
2023-06-19 01:00:00,21.84,67.45,
2023-06-19 01:30:00,21.81,67.37,
2023-06-19 02:00:00,21.77,67.28,
2023-06-19 02:30:00,21.87,67.96,
2023-06-19 03:00:00,21.9,67.85,
2023-06-19 03:30:00,21.93,67.74,
2023-06-19 04:00:00,21.96,67.62,
2023-06-19 04:30:00,21.99,67.51,
2023-06-19 05:00:00,22.03,67.39,
2023-06-19 05:30:00,22.06,67.28,
2023-06-19 06:00:00,22.09,67.16,
2023-06-19 06:30:00,22.12,67.05,
2023-06-19 07:00:00,22.16,66.93,
2023-06-19 07:30:00,22.25,62.62,
2023-06-19 08:00:00,22.2,63.14,
2023-06-19 08:30:00,22.15,63.66,
2023-06-19 09:00:00,22.09,64.19,
2023-06-19 09:30:00,22.04,64.71,
2023-06-19 10:00:00,21.99,65.23,
2023-06-19 10:30:00,21.93,65.76,
2023-06-19 11:00:00,21.88,66.28,
2023-06-19 11:30:00,21.83,66.8,
2023-06-19 12:00:00,21.77,67.33,
2023-06-19 12:30:00,21.77,61.42,
2023-06-19 13:00:00,21.8,61.98,
2023-06-19 13:30:00,21.84,62.54,
2023-06-19 14:00:00,21.88,63.11,
2023-06-19 14:30:00,21.92,63.67,
2023-06-19 15:00:00,21.96,64.24,
2023-06-19 15:30:00,22,64.8,
2023-06-19 16:00:00,22.04,65.37,
2023-06-19 16:30:00,22.08,65.93,
2023-06-19 17:00:00,22.12,66.5,
2023-06-19 17:30:00,22.14,64.29,
2023-06-19 18:00:00,22.12,64.44,
2023-06-19 18:30:00,22.09,64.6,
2023-06-19 19:00:00,22.06,64.76,
2023-06-19 19:30:00,22.03,64.92,
2023-06-19 20:00:00,22,65.08,
2023-06-19 20:30:00,21.97,65.24,
2023-06-19 21:00:00,21.94,65.4,
2023-06-19 21:30:00,21.91,65.56,
2023-06-19 22:00:00,21.88,65.72,
2023-06-19 22:30:00,21.88,65.83,
2023-06-19 23:00:00,21.9,65.97,
2023-06-19 23:30:00,21.92,66.11,
2023-06-20 00:00:00,21.95,66.25,
2023-06-20 00:30:00,21.97,66.39,
2023-06-20 01:00:00,22,66.53,
2023-06-20 01:30:00,22.02,66.67,
2023-06-20 02:00:00,22.05,66.81,
2023-06-20 02:30:00,22.07,66.95,
2023-06-20 03:00:00,22.1,67.09,
2023-06-20 03:30:00,21.89,66.14,
2023-06-20 04:00:00,21.91,66.44,
2023-06-20 04:30:00,21.94,66.75,
2023-06-20 05:00:00,21.97,67.06,
2023-06-20 05:30:00,22,67.37,
2023-06-20 06:00:00,22.02,67.67,
2023-06-20 06:30:00,22.05,67.98,
2023-06-20 07:00:00,22.08,68.29,
2023-06-20 07:30:00,22.11,68.6,
2023-06-20 08:00:00,22.14,68.91,
2023-06-20 08:30:00,21.84,69.02,
2023-06-20 09:00:00,21.86,68.76,
2023-06-20 09:30:00,21.89,68.49,
2023-06-20 10:00:00,21.92,68.22,
2023-06-20 10:30:00,21.95,67.95,
2023-06-20 11:00:00,21.97,67.69,
2023-06-20 11:30:00,22,67.42,
2023-06-20 12:00:00,22.03,67.15,
2023-06-20 12:30:00,22.06,66.88,
2023-06-20 13:00:00,22.09,66.61,
2023-06-20 13:30:00,21.88,66.56,
2023-06-20 14:00:00,21.91,66.44,
2023-06-20 14:30:00,21.94,66.32,
2023-06-20 15:00:00,21.97,66.19,
2023-06-20 15:30:00,22,66.07,
2023-06-20 16:00:00,22.03,65.94,
2023-06-20 16:30:00,22.06,65.82,
2023-06-20 17:00:00,22.09,65.69,
2023-06-20 17:30:00,22.12,65.57,
2023-06-20 18:00:00,22.15,65.44,
2023-06-20 18:30:00,22.12,65.29,
2023-06-20 19:00:00,22.09,65.39,
2023-06-20 19:30:00,22.06,65.5,
2023-06-20 20:00:00,22.03,65.6,
2023-06-20 20:30:00,22,65.71,
2023-06-20 21:00:00,21.97,65.81,
2023-06-20 21:30:00,21.94,65.92,
2023-06-20 22:00:00,21.91,66.02,
2023-06-20 22:30:00,21.88,66.13,
2023-06-20 23:00:00,21.84,66.24,
2023-06-20 23:30:00,21.77,66.22,
2023-06-21 00:00:00,21.79,66.27,
2023-06-21 00:30:00,21.82,66.32,
2023-06-21 01:00:00,21.85,66.38,
2023-06-21 01:30:00,21.88,66.43,
2023-06-21 02:00:00,21.9,66.48,
2023-06-21 02:30:00,21.93,66.54,
2023-06-21 03:00:00,21.96,66.59,
2023-06-21 03:30:00,21.99,66.64,
2023-06-21 04:00:00,22.02,66.7,
2023-06-21 04:30:00,21.89,66.35,
2023-06-21 05:00:00,21.91,66.26,
2023-06-21 05:30:00,21.94,66.17,
2023-06-21 06:00:00,21.97,66.07,
2023-06-21 06:30:00,21.99,65.98,
2023-06-21 07:00:00,22.02,65.89,
2023-06-21 07:30:00,22.05,65.79,
2023-06-21 08:00:00,22.07,65.7,
2023-06-21 08:30:00,22.1,65.61,
2023-06-21 09:00:00,22.13,65.51,
2023-06-21 09:30:00,22.14,67.89,
2023-06-21 10:00:00,22.12,67.03,
2023-06-21 10:30:00,22.09,66.17,
2023-06-21 11:00:00,22.06,65.31,
2023-06-21 11:30:00,22.03,64.45,
2023-06-21 12:00:00,22.01,63.58,
2023-06-21 12:30:00,21.98,62.72,
2023-06-21 13:00:00,21.95,61.86,
2023-06-21 13:30:00,21.92,61,
2023-06-21 14:00:00,21.89,60.13,
2023-06-21 14:30:00,22.12,65.7,
2023-06-21 15:00:00,22.13,65.52,
2023-06-21 15:30:00,22.14,65.34,
2023-06-21 16:00:00,22.15,65.15,
2023-06-21 16:30:00,22.16,64.97,
2023-06-21 17:00:00,22.17,64.79,
2023-06-21 17:30:00,22.18,64.6,
2023-06-21 18:00:00,22.19,64.42,
2023-06-21 18:30:00,22.2,64.24,
2023-06-21 19:00:00,22.21,64.05,
2023-06-21 19:30:00,22.09,65.38,
2023-06-21 20:00:00,22.07,65.3,
2023-06-21 20:30:00,22.05,65.21,
2023-06-21 21:00:00,22.02,65.12,
2023-06-21 21:30:00,22,65.03,
2023-06-21 22:00:00,21.97,64.95,
2023-06-21 22:30:00,21.95,64.86,
2023-06-21 23:00:00,21.92,64.77,
2023-06-21 23:30:00,21.9,64.68,
2023-06-22 00:00:00,21.87,64.59,
2023-06-22 00:30:00,21.87,64.9,
2023-06-22 01:00:00,21.89,64.97,
2023-06-22 01:30:00,21.92,65.05,
2023-06-22 02:00:00,21.95,65.12,
2023-06-22 02:30:00,21.98,65.2,
2023-06-22 03:00:00,22,65.27,
2023-06-22 03:30:00,22.03,65.35,
2023-06-22 04:00:00,22.06,65.42,
2023-06-22 04:30:00,22.09,65.5,
2023-06-22 05:00:00,22.12,65.58,
2023-06-22 05:30:00,22.4,64.79,
2023-06-22 06:00:00,22.37,64.93,
2023-06-22 06:30:00,22.34,65.08,
2023-06-22 07:00:00,22.31,65.23,
2023-06-22 07:30:00,22.28,65.38,
2023-06-22 08:00:00,22.25,65.53,
2023-06-22 08:30:00,22.22,65.68,
2023-06-22 09:00:00,22.19,65.83,
2023-06-22 09:30:00,22.16,65.98,
2023-06-22 10:00:00,22.13,66.13,
2023-06-22 10:30:00,22.25,66.29,
2023-06-22 11:00:00,22.24,66.35,
2023-06-22 11:30:00,22.23,66.41,
2023-06-22 12:00:00,22.21,66.47,
2023-06-22 12:30:00,22.2,66.53,
2023-06-22 13:00:00,22.18,66.59,
2023-06-22 13:30:00,22.17,66.65,
2023-06-22 14:00:00,22.15,66.71,
2023-06-22 14:30:00,22.14,66.77,
2023-06-22 15:00:00,22.12,66.83,
2023-06-22 15:30:00,22.26,64.59,
2023-06-22 16:00:00,22.22,64.78,
2023-06-22 16:30:00,22.18,64.97,
2023-06-22 17:00:00,22.14,65.16,
2023-06-22 17:30:00,22.1,65.35,
2023-06-22 18:00:00,22.06,65.54,
2023-06-22 18:30:00,22.02,65.73,
2023-06-22 19:00:00,21.98,65.92,
2023-06-22 19:30:00,21.94,66.11,
2023-06-22 20:00:00,21.89,66.3,
2023-06-22 20:30:00,21.95,65.75,
2023-06-22 21:00:00,21.97,65.85,
2023-06-22 21:30:00,21.99,65.96,
2023-06-22 22:00:00,22.02,66.07,
2023-06-22 22:30:00,22.04,66.18,
2023-06-22 23:00:00,22.06,66.28,
2023-06-22 23:30:00,22.09,66.39,
2023-06-23 00:00:00,22.11,66.5,
2023-06-23 00:30:00,22.13,66.61,
2023-06-23 01:00:00,22.16,66.72,
2023-06-23 01:30:00,22.09,65.88,
2023-06-23 02:00:00,22.15,66.08,
2023-06-23 02:30:00,22.21,66.28,
2023-06-23 03:00:00,22.27,66.48,
2023-06-23 03:30:00,22.33,66.68,
2023-06-23 04:00:00,22.39,66.89,
2023-06-23 04:30:00,22.45,67.09,
2023-06-23 05:00:00,22.51,67.29,
2023-06-23 05:30:00,22.57,67.49,
2023-06-23 06:00:00,22.64,67.7,
2023-06-23 06:30:00,22.74,64.86,
2023-06-23 07:00:00,22.71,65.26,
2023-06-23 07:30:00,22.67,65.67,
2023-06-23 08:00:00,22.63,66.07,
2023-06-23 08:30:00,22.59,66.48,
2023-06-23 09:00:00,22.56,66.88,
2023-06-23 09:30:00,22.52,67.29,
2023-06-23 10:00:00,22.48,67.69,
2023-06-23 10:30:00,22.44,68.1,
2023-06-23 11:00:00,22.4,68.51,
2023-06-23 11:30:00,22.42,67.06,
2023-06-23 12:00:00,22.38,67.59,
2023-06-23 12:30:00,22.34,68.12,
2023-06-23 13:00:00,22.29,68.65,
2023-06-23 13:30:00,22.25,69.18,
2023-06-23 14:00:00,22.2,69.71,
2023-06-23 14:30:00,22.16,70.24,
2023-06-23 15:00:00,22.11,70.77,
2023-06-23 15:30:00,22.07,71.3,
2023-06-23 16:00:00,22.02,71.84,
2023-06-23 16:30:00,22.2,69.34,
2023-06-23 17:00:00,22.17,69.49,
2023-06-23 17:30:00,22.14,69.65,
2023-06-23 18:00:00,22.1,69.81,
2023-06-23 18:30:00,22.07,69.97,
2023-06-23 19:00:00,22.03,70.13,
2023-06-23 19:30:00,22,70.29,
2023-06-23 20:00:00,21.96,70.45,
2023-06-23 20:30:00,21.93,70.61,
2023-06-23 21:00:00,21.89,70.77,
2023-06-23 21:30:00,22.02,70.34,
2023-06-23 22:00:00,22.06,70.49,
2023-06-23 22:30:00,22.1,70.65,
2023-06-23 23:00:00,22.14,70.81,
2023-06-23 23:30:00,22.18,70.97,
2023-06-24 00:00:00,22.22,71.12,
2023-06-24 00:30:00,22.26,71.28,
2023-06-24 01:00:00,22.3,71.44,
2023-06-24 01:30:00,22.34,71.6,
2023-06-24 02:00:00,22.38,71.76,
2023-06-24 02:30:00,22.17,72.14,
2023-06-24 03:00:00,22.23,71.95,
2023-06-24 03:30:00,22.29,71.75,
2023-06-24 04:00:00,22.36,71.55,
2023-06-24 04:30:00,22.42,71.35,
2023-06-24 05:00:00,22.48,71.15,
2023-06-24 05:30:00,22.55,70.95,
2023-06-24 06:00:00,22.61,70.75,
2023-06-24 06:30:00,22.67,70.55,
2023-06-24 07:00:00,22.74,70.35,
2023-06-24 07:30:00,22.52,67.89,
2023-06-24 08:00:00,22.45,68.55,
2023-06-24 08:30:00,22.38,69.21,
2023-06-24 09:00:00,22.31,69.88,
2023-06-24 09:30:00,22.24,70.54,
2023-06-24 10:00:00,22.16,71.21,
2023-06-24 10:30:00,22.09,71.87,
2023-06-24 11:00:00,22.02,72.54,
2023-06-24 11:30:00,21.95,73.2,
2023-06-24 12:00:00,21.87,73.87,
2023-06-24 12:30:00,22.02,73.18,
2023-06-24 13:00:00,21.99,73.05,
2023-06-24 13:30:00,21.95,72.92,
2023-06-24 14:00:00,21.91,72.78,
2023-06-24 14:30:00,21.87,72.65,
2023-06-24 15:00:00,21.83,72.51,
2023-06-24 15:30:00,21.79,72.38,
2023-06-24 16:00:00,21.75,72.24,
2023-06-24 16:30:00,21.71,72.11,
2023-06-24 17:00:00,21.67,71.97,
2023-06-24 17:30:00,21.78,71.56,
2023-06-24 18:00:00,21.8,71.69,
2023-06-24 18:30:00,21.83,71.83,
2023-06-24 19:00:00,21.86,71.96,
2023-06-24 19:30:00,21.88,72.1,
2023-06-24 20:00:00,21.91,72.23,
2023-06-24 20:30:00,21.94,72.37,
2023-06-24 21:00:00,21.96,72.5,
2023-06-24 21:30:00,21.99,72.64,
2023-06-24 22:00:00,22.02,72.78,
2023-06-24 22:30:00,21.9,72.31,
2023-06-24 23:00:00,21.92,72.2,
2023-06-24 23:30:00,21.95,72.08,
2023-06-25 00:00:00,21.98,71.97,
2023-06-25 00:30:00,22.01,71.85,
2023-06-25 01:00:00,22.03,71.74,
2023-06-25 01:30:00,22.06,71.62,
2023-06-25 02:00:00,22.09,71.51,
2023-06-25 02:30:00,22.12,71.39,
2023-06-25 03:00:00,22.15,71.27,
2023-06-25 03:30:00,22.2,72.17,
2023-06-25 04:00:00,22.22,71.8,
2023-06-25 04:30:00,22.25,71.43,
2023-06-25 05:00:00,22.28,71.05,
2023-06-25 05:30:00,22.31,70.68,
2023-06-25 06:00:00,22.33,70.31,
2023-06-25 06:30:00,22.36,69.93,
2023-06-25 07:00:00,22.39,69.56,
2023-06-25 07:30:00,22.42,69.19,
2023-06-25 08:00:00,22.45,68.81,
2023-06-25 08:30:00,22.4,69.66,
2023-06-25 09:00:00,22.37,69.81,
2023-06-25 09:30:00,22.34,69.97,
2023-06-25 10:00:00,22.3,70.13,
2023-06-25 10:30:00,22.27,70.28,
2023-06-25 11:00:00,22.23,70.44,
2023-06-25 11:30:00,22.2,70.6,
2023-06-25 12:00:00,22.16,70.75,
2023-06-25 12:30:00,22.13,70.91,
2023-06-25 13:00:00,22.09,71.07,
2023-06-25 13:30:00,22.05,72.48,
2023-06-25 14:00:00,22.07,72.25,
2023-06-25 14:30:00,22.09,72.02,
2023-06-25 15:00:00,22.12,71.78,
2023-06-25 15:30:00,22.14,71.55,
2023-06-25 16:00:00,22.16,71.32,
2023-06-25 16:30:00,22.19,71.08,
2023-06-25 17:00:00,22.21,70.85,
2023-06-25 17:30:00,22.23,70.62,
2023-06-25 18:00:00,22.26,70.38,
2023-06-25 18:30:00,22.02,69.3,
2023-06-25 19:00:00,22.04,69.48,
2023-06-25 19:30:00,22.07,69.67,
2023-06-25 20:00:00,22.1,69.86,
2023-06-25 20:30:00,22.12,70.04,
2023-06-25 21:00:00,22.15,70.23,
2023-06-25 21:30:00,22.18,70.42,
2023-06-25 22:00:00,22.2,70.6,
2023-06-25 22:30:00,22.23,70.79,
2023-06-25 23:00:00,22.26,70.98,
2023-06-25 23:30:00,22.09,69.9,
2023-06-26 00:00:00,22.12,70.08,
2023-06-26 00:30:00,22.15,70.27,
2023-06-26 01:00:00,22.19,70.46,
2023-06-26 01:30:00,22.22,70.64,
2023-06-26 02:00:00,22.26,70.83,
2023-06-26 02:30:00,22.29,71.02,
2023-06-26 03:00:00,22.33,71.2,
2023-06-26 03:30:00,22.36,71.39,
2023-06-26 04:00:00,22.4,71.58,
2023-06-26 04:30:00,22.63,71.65,
2023-06-26 05:00:00,22.59,71.35,
2023-06-26 05:30:00,22.55,71.05,
2023-06-26 06:00:00,22.5,70.74,
2023-06-26 06:30:00,22.46,70.44,
2023-06-26 07:00:00,22.42,70.13,
2023-06-26 07:30:00,22.37,69.83,
2023-06-26 08:00:00,22.33,69.52,
2023-06-26 08:30:00,22.29,69.22,
2023-06-26 09:00:00,22.24,68.91,
2023-06-26 09:30:00,22.36,62.12,
2023-06-26 10:00:00,22.31,63.18,
2023-06-26 10:30:00,22.26,64.24,
2023-06-26 11:00:00,22.21,65.31,
2023-06-26 11:30:00,22.16,66.37,
2023-06-26 12:00:00,22.11,67.43,
2023-06-26 12:30:00,22.06,68.5,
2023-06-26 13:00:00,22.01,69.56,
2023-06-26 13:30:00,21.96,70.62,
2023-06-26 14:00:00,21.9,71.69,
2023-06-26 14:30:00,21.89,68.48,
2023-06-26 15:00:00,21.92,68.7,
2023-06-26 15:30:00,21.95,68.92,
2023-06-26 16:00:00,21.99,69.15,
2023-06-26 16:30:00,22.02,69.37,
2023-06-26 17:00:00,22.06,69.6,
2023-06-26 17:30:00,22.09,69.82,
2023-06-26 18:00:00,22.13,70.05,
2023-06-26 18:30:00,22.16,70.27,
2023-06-26 19:00:00,22.2,70.5,
2023-06-26 19:30:00,21.89,69.68,
2023-06-26 20:00:00,21.91,69.87,
2023-06-26 20:30:00,21.94,70.06,
2023-06-26 21:00:00,21.97,70.25,
2023-06-26 21:30:00,22,70.44,
2023-06-26 22:00:00,22.03,70.63,
2023-06-26 22:30:00,22.06,70.82,
2023-06-26 23:00:00,22.09,71.01,
2023-06-26 23:30:00,22.12,71.2,
2023-06-27 00:00:00,22.15,71.39,
2023-06-27 00:30:00,22.17,70.77,
2023-06-27 01:00:00,22.16,70.9,
2023-06-27 01:30:00,22.14,71.04,
2023-06-27 02:00:00,22.12,71.18,
2023-06-27 02:30:00,22.11,71.32,
2023-06-27 03:00:00,22.09,71.45,
2023-06-27 03:30:00,22.07,71.59,
2023-06-27 04:00:00,22.06,71.73,
2023-06-27 04:30:00,22.04,71.87,
2023-06-27 05:00:00,22.02,72.01,
2023-06-27 05:30:00,22.52,71.52,
2023-06-27 06:00:00,22.47,71.24,
2023-06-27 06:30:00,22.41,70.95,
2023-06-27 07:00:00,22.35,70.66,
2023-06-27 07:30:00,22.29,70.37,
2023-06-27 08:00:00,22.23,70.08,
2023-06-27 08:30:00,22.17,69.79,
2023-06-27 09:00:00,22.11,69.5,
2023-06-27 09:30:00,22.05,69.21,
2023-06-27 10:00:00,21.99,68.92,
2023-06-27 10:30:00,22.17,71.06,
2023-06-27 11:00:00,22.14,71.63,
2023-06-27 11:30:00,22.11,72.21,
2023-06-27 12:00:00,22.08,72.79,
2023-06-27 12:30:00,22.05,73.37,
2023-06-27 13:00:00,22.01,73.95,
2023-06-27 13:30:00,21.98,74.53,
2023-06-27 14:00:00,21.95,75.11,
2023-06-27 14:30:00,21.92,75.69,
2023-06-27 15:00:00,21.88,76.27,
2023-06-27 15:30:00,21.89,75.35,
2023-06-27 16:00:00,21.92,74.88,
2023-06-27 16:30:00,21.95,74.41,
2023-06-27 17:00:00,21.99,73.94,
2023-06-27 17:30:00,22.02,73.47,
2023-06-27 18:00:00,22.06,73,
2023-06-27 18:30:00,22.09,72.53,
2023-06-27 19:00:00,22.13,72.06,
2023-06-27 19:30:00,22.16,71.59,
2023-06-27 20:00:00,22.2,71.12,
2023-06-27 20:30:00,21.89,72.32,
2023-06-27 21:00:00,21.91,72.25,
2023-06-27 21:30:00,21.94,72.17,
2023-06-27 22:00:00,21.97,72.09,
2023-06-27 22:30:00,22,72.02,
2023-06-27 23:00:00,22.03,71.94,
2023-06-27 23:30:00,22.06,71.86,
2023-06-28 00:00:00,22.09,71.79,
2023-06-28 00:30:00,22.12,71.71,
2023-06-28 01:00:00,22.15,71.63,
2023-06-28 01:30:00,22.09,72.66,
2023-06-28 02:00:00,22.12,72.36,
2023-06-28 02:30:00,22.16,72.05,
2023-06-28 03:00:00,22.2,71.74,
2023-06-28 03:30:00,22.23,71.43,
2023-06-28 04:00:00,22.27,71.12,
2023-06-28 04:30:00,22.31,70.81,
2023-06-28 05:00:00,22.34,70.5,
2023-06-28 05:30:00,22.38,70.19,
2023-06-28 06:00:00,22.42,69.88,
2023-06-28 06:30:00,22.2,66.04,
2023-06-28 07:00:00,22.22,66.7,
2023-06-28 07:30:00,22.24,67.36,
2023-06-28 08:00:00,22.26,68.03,
2023-06-28 08:30:00,22.28,68.69,
2023-06-28 09:00:00,22.31,69.36,
2023-06-28 09:30:00,22.33,70.02,
2023-06-28 10:00:00,22.35,70.69,
2023-06-28 10:30:00,22.37,71.35,
2023-06-28 11:00:00,22.4,72.02,
2023-06-28 11:30:00,22.58,74.09,
2023-06-28 12:00:00,22.56,73.47,
2023-06-28 12:30:00,22.53,72.85,
2023-06-28 13:00:00,22.5,72.23,
2023-06-28 13:30:00,22.47,71.61,
2023-06-28 14:00:00,22.45,70.99,
2023-06-28 14:30:00,22.42,70.37,
2023-06-28 15:00:00,22.39,69.75,
2023-06-28 15:30:00,22.36,69.13,
2023-06-28 16:00:00,22.33,68.5,
2023-06-28 16:30:00,22.52,70.06,
2023-06-28 17:00:00,22.51,70.46,
2023-06-28 17:30:00,22.49,70.86,
2023-06-28 18:00:00,22.47,71.26,
2023-06-28 18:30:00,22.45,71.66,
2023-06-28 19:00:00,22.44,72.07,
2023-06-28 19:30:00,22.42,72.47,
2023-06-28 20:00:00,22.4,72.87,
2023-06-28 20:30:00,22.38,73.27,
2023-06-28 21:00:00,22.36,73.68,
2023-06-28 21:30:00,22.52,72.27,
2023-06-28 22:00:00,22.49,72.56,
2023-06-28 22:30:00,22.45,72.85,
2023-06-28 23:00:00,22.42,73.15,
2023-06-28 23:30:00,22.38,73.44,
2023-06-29 00:00:00,22.35,73.74,
2023-06-29 00:30:00,22.31,74.03,
2023-06-29 01:00:00,22.28,74.33,
2023-06-29 01:30:00,22.24,74.62,
2023-06-29 02:00:00,22.2,74.92,
2023-06-29 02:30:00,22.26,77.25,
2023-06-29 03:00:00,22.33,76.36,
2023-06-29 03:30:00,22.4,75.47,
2023-06-29 04:00:00,22.47,74.58,
2023-06-29 04:30:00,22.54,73.69,
2023-06-29 05:00:00,22.61,72.79,
2023-06-29 05:30:00,22.68,71.9,
2023-06-29 06:00:00,22.75,71.01,
2023-06-29 06:30:00,22.82,70.12,
2023-06-29 07:00:00,22.89,69.22,
2023-06-29 07:30:00,22.76,68.88,
2023-06-29 08:00:00,22.72,69.5,
2023-06-29 08:30:00,22.68,70.13,
2023-06-29 09:00:00,22.64,70.76,
2023-06-29 09:30:00,22.6,71.38,
2023-06-29 10:00:00,22.56,72.01,
2023-06-29 10:30:00,22.52,72.64,
2023-06-29 11:00:00,22.48,73.26,
2023-06-29 11:30:00,22.44,73.89,
2023-06-29 12:00:00,22.4,74.52,
2023-06-29 12:30:00,22.55,76.6,
2023-06-29 13:00:00,22.52,75.91,
2023-06-29 13:30:00,22.49,75.21,
2023-06-29 14:00:00,22.46,74.51,
2023-06-29 14:30:00,22.43,73.81,
2023-06-29 15:00:00,22.39,73.11,
2023-06-29 15:30:00,22.36,72.41,
2023-06-29 16:00:00,22.33,71.71,
2023-06-29 16:30:00,22.3,71.01,
2023-06-29 17:00:00,22.26,70.31,
2023-06-29 17:30:00,22.52,69.02,
2023-06-29 18:00:00,22.48,69.81,
2023-06-29 18:30:00,22.44,70.6,
2023-06-29 19:00:00,22.4,71.4,
2023-06-29 19:30:00,22.36,72.19,
2023-06-29 20:00:00,22.32,72.98,
2023-06-29 20:30:00,22.28,73.78,
2023-06-29 21:00:00,22.24,74.57,
2023-06-29 21:30:00,22.2,75.36,
2023-06-29 22:00:00,22.16,76.16,
2023-06-29 22:30:00,22.15,77.01,
2023-06-29 23:00:00,22.13,77.29,
2023-06-29 23:30:00,22.1,77.57,
2023-06-30 00:00:00,22.07,77.85,
2023-06-30 00:30:00,22.04,78.13,
2023-06-30 01:00:00,22.01,78.41,
2023-06-30 01:30:00,21.98,78.69,
2023-06-30 02:00:00,21.95,78.97,
2023-06-30 02:30:00,21.92,79.25,
2023-06-30 03:00:00,21.89,79.54,
2023-06-30 03:30:00,21.89,79.92,
2023-06-30 04:00:00,21.91,79.25,
2023-06-30 04:30:00,21.94,78.57,
2023-06-30 05:00:00,21.97,77.89,
2023-06-30 05:30:00,22,77.22,
2023-06-30 06:00:00,22.02,76.54,
2023-06-30 06:30:00,22.05,75.86,
2023-06-30 07:00:00,22.08,75.19,
2023-06-30 07:30:00,22.11,74.51,
2023-06-30 08:00:00,22.14,73.83,
2023-06-30 08:30:00,22.26,69.35,
2023-06-30 09:00:00,22.24,69.98,
2023-06-30 09:30:00,22.21,70.61,
2023-06-30 10:00:00,22.18,71.24,
2023-06-30 10:30:00,22.16,71.87,
2023-06-30 11:00:00,22.13,72.51,
2023-06-30 11:30:00,22.1,73.14,
2023-06-30 12:00:00,22.08,73.77,
2023-06-30 12:30:00,22.05,74.4,
2023-06-30 13:00:00,22.02,75.04,
2023-06-30 13:30:00,22.14,72.66,
2023-06-30 14:00:00,22.16,72.32,
2023-06-30 14:30:00,22.18,71.97,
2023-06-30 15:00:00,22.21,71.63,
2023-06-30 15:30:00,22.23,71.28,
2023-06-30 16:00:00,22.26,70.94,
2023-06-30 16:30:00,22.28,70.59,
2023-06-30 17:00:00,22.31,70.25,
2023-06-30 17:30:00,22.33,69.9,
2023-06-30 18:00:00,22.36,69.55,
2023-06-30 18:30:00,22.4,69.75,
2023-06-30 19:00:00,22.36,70.16,
2023-06-30 19:30:00,22.32,70.57,
2023-06-30 20:00:00,22.28,70.98,
2023-06-30 20:30:00,22.24,71.39,
2023-06-30 21:00:00,22.19,71.8,
2023-06-30 21:30:00,22.15,72.21,
2023-06-30 22:00:00,22.11,72.62,
2023-06-30 22:30:00,22.07,73.03,
2023-06-30 23:00:00,22.02,73.44,
2023-06-30 23:30:00,22.2,72.35,
2023-07-01 00:00:00,22.18,72.67,
2023-07-01 00:30:00,22.16,73,
2023-07-01 01:00:00,22.14,73.33,
2023-07-01 01:30:00,22.12,73.66,
2023-07-01 02:00:00,22.1,73.98,
2023-07-01 02:30:00,22.08,74.31,
2023-07-01 03:00:00,22.06,74.64,
2023-07-01 03:30:00,22.04,74.97,
2023-07-01 04:00:00,22.02,75.3,
2023-07-01 04:30:00,22.09,75.86,
2023-07-01 05:00:00,22.13,75.17,
2023-07-01 05:30:00,22.18,74.47,
2023-07-01 06:00:00,22.23,73.77,
2023-07-01 06:30:00,22.28,73.07,
2023-07-01 07:00:00,22.32,72.38,
2023-07-01 07:30:00,22.37,71.68,
2023-07-01 08:00:00,22.42,70.98,
2023-07-01 08:30:00,22.47,70.28,
2023-07-01 09:00:00,22.52,69.58,
2023-07-01 09:30:00,22.58,69.37,
2023-07-01 10:00:00,22.55,70.11,
2023-07-01 10:30:00,22.51,70.85,
2023-07-01 11:00:00,22.48,71.59,
2023-07-01 11:30:00,22.44,72.33,
2023-07-01 12:00:00,22.41,73.07,
2023-07-01 12:30:00,22.37,73.81,
2023-07-01 13:00:00,22.34,74.55,
2023-07-01 13:30:00,22.3,75.29,
2023-07-01 14:00:00,22.26,76.04,
2023-07-01 14:30:00,22.4,76.04,
2023-07-01 15:00:00,22.38,75.34,
2023-07-01 15:30:00,22.36,74.64,
2023-07-01 16:00:00,22.34,73.93,
2023-07-01 16:30:00,22.32,73.23,
2023-07-01 17:00:00,22.29,72.53,
2023-07-01 17:30:00,22.27,71.82,
2023-07-01 18:00:00,22.25,71.12,
2023-07-01 18:30:00,22.23,70.42,
2023-07-01 19:00:00,22.2,69.71,
2023-07-01 19:30:00,22.39,71.6,
2023-07-01 20:00:00,22.37,71.92,
2023-07-01 20:30:00,22.34,72.24,
2023-07-01 21:00:00,22.31,72.56,
2023-07-01 21:30:00,22.28,72.88,
2023-07-01 22:00:00,22.26,73.2,
2023-07-01 22:30:00,22.23,73.52,
2023-07-01 23:00:00,22.2,73.84,
2023-07-01 23:30:00,22.17,74.16,
2023-07-02 00:00:00,22.14,74.48,
2023-07-02 00:30:00,22.14,72.73,
2023-07-02 01:00:00,22.15,73.11,
2023-07-02 01:30:00,22.16,73.49,
2023-07-02 02:00:00,22.18,73.87,
2023-07-02 02:30:00,22.19,74.25,
2023-07-02 03:00:00,22.2,74.63,
2023-07-02 03:30:00,22.22,75.01,
2023-07-02 04:00:00,22.23,75.39,
2023-07-02 04:30:00,22.24,75.77,
2023-07-02 05:00:00,22.26,76.16,
2023-07-02 05:30:00,22.13,75.82,
2023-07-02 06:00:00,22.17,75.03,
2023-07-02 06:30:00,22.21,74.24,
2023-07-02 07:00:00,22.26,73.45,
2023-07-02 07:30:00,22.3,72.66,
2023-07-02 08:00:00,22.34,71.86,
2023-07-02 08:30:00,22.39,71.07,
2023-07-02 09:00:00,22.43,70.28,
2023-07-02 09:30:00,22.47,69.49,
2023-07-02 10:00:00,22.52,68.69,
2023-07-02 10:30:00,22.62,68.86,
2023-07-02 11:00:00,22.58,69.61,
2023-07-02 11:30:00,22.53,70.36,
2023-07-02 12:00:00,22.48,71.12,
2023-07-02 12:30:00,22.44,71.87,
2023-07-02 13:00:00,22.39,72.63,
2023-07-02 13:30:00,22.34,73.38,
2023-07-02 14:00:00,22.3,74.14,
2023-07-02 14:30:00,22.25,74.89,
2023-07-02 15:00:00,22.2,75.65,
2023-07-02 15:30:00,22.4,69.59,
2023-07-02 16:00:00,22.38,70.26,
2023-07-02 16:30:00,22.35,70.93,
2023-07-02 17:00:00,22.32,71.6,
2023-07-02 17:30:00,22.29,72.27,
2023-07-02 18:00:00,22.27,72.94,
2023-07-02 18:30:00,22.24,73.61,
2023-07-02 19:00:00,22.21,74.28,
2023-07-02 19:30:00,22.18,74.95,
2023-07-02 20:00:00,22.15,75.63,
2023-07-02 20:30:00,22.09,72.34,
2023-07-02 21:00:00,22.12,72.71,
2023-07-02 21:30:00,22.15,73.08,
2023-07-02 22:00:00,22.19,73.45,
2023-07-02 22:30:00,22.22,73.82,
2023-07-02 23:00:00,22.26,74.19,
2023-07-02 23:30:00,22.29,74.56,
2023-07-03 00:00:00,22.33,74.93,
2023-07-03 00:30:00,22.36,75.3,
2023-07-03 01:00:00,22.4,75.67,
2023-07-03 01:30:00,22.05,72.23,
2023-07-03 02:00:00,22.08,72.7,
2023-07-03 02:30:00,22.12,73.18,
2023-07-03 03:00:00,22.15,73.65,
2023-07-03 03:30:00,22.19,74.13,
2023-07-03 04:00:00,22.22,74.6,
2023-07-03 04:30:00,22.26,75.08,
2023-07-03 05:00:00,22.29,75.55,
2023-07-03 05:30:00,22.33,76.03,
2023-07-03 06:00:00,22.37,76.51,
2023-07-03 06:30:00,22.64,75.9,
2023-07-03 07:00:00,22.59,75.19,
2023-07-03 07:30:00,22.54,74.47,
2023-07-03 08:00:00,22.48,73.75,
2023-07-03 08:30:00,22.43,73.04,
2023-07-03 09:00:00,22.37,72.32,
2023-07-03 09:30:00,22.32,71.6,
2023-07-03 10:00:00,22.26,70.89,
2023-07-03 10:30:00,22.21,70.17,
2023-07-03 11:00:00,22.15,69.45,
2023-07-03 11:30:00,22.4,74.66,
2023-07-03 12:00:00,22.38,73.69,
2023-07-03 12:30:00,22.35,72.71,
2023-07-03 13:00:00,22.32,71.73,
2023-07-03 13:30:00,22.29,70.75,
2023-07-03 14:00:00,22.26,69.78,
2023-07-03 14:30:00,22.23,68.8,
2023-07-03 15:00:00,22.2,67.82,
2023-07-03 15:30:00,22.17,66.84,
2023-07-03 16:00:00,22.14,65.86,
2023-07-03 16:30:00,22.4,69.34,
2023-07-03 17:00:00,22.36,69.65,
2023-07-03 17:30:00,22.32,69.97,
2023-07-03 18:00:00,22.28,70.29,
2023-07-03 18:30:00,22.24,70.61,
2023-07-03 19:00:00,22.19,70.93,
2023-07-03 19:30:00,22.15,71.25,
2023-07-03 20:00:00,22.11,71.57,
2023-07-03 20:30:00,22.07,71.89,
2023-07-03 21:00:00,22.02,72.21,
2023-07-03 21:30:00,22.19,71.32,
2023-07-03 22:00:00,22.18,71.48,
2023-07-03 22:30:00,22.17,71.65,
2023-07-03 23:00:00,22.16,71.81,
2023-07-03 23:30:00,22.15,71.98,
2023-07-04 00:00:00,22.14,72.14,
2023-07-04 00:30:00,22.13,72.31,
2023-07-04 01:00:00,22.12,72.47,
2023-07-04 01:30:00,22.11,72.64,
2023-07-04 02:00:00,22.09,72.81,
2023-07-04 02:30:00,22.02,73.91,
2023-07-04 03:00:00,22.08,73.33,
2023-07-04 03:30:00,22.15,72.75,
2023-07-04 04:00:00,22.22,72.17,
2023-07-04 04:30:00,22.29,71.59,
2023-07-04 05:00:00,22.36,71,
2023-07-04 05:30:00,22.43,70.42,
2023-07-04 06:00:00,22.5,69.84,
2023-07-04 06:30:00,22.57,69.26,
2023-07-04 07:00:00,22.64,68.67,
2023-07-04 07:30:00,22.58,74.1,
2023-07-04 08:00:00,22.54,73.62,
2023-07-04 08:30:00,22.49,73.14,
2023-07-04 09:00:00,22.44,72.66,
2023-07-04 09:30:00,22.39,72.18,
2023-07-04 10:00:00,22.34,71.7,
2023-07-04 10:30:00,22.29,71.22,
2023-07-04 11:00:00,22.24,70.74,
2023-07-04 11:30:00,22.19,70.26,
2023-07-04 12:00:00,22.14,69.78,
2023-07-04 12:30:00,22.17,71.74,
2023-07-04 13:00:00,22.13,72.53,
2023-07-04 13:30:00,22.09,73.32,
2023-07-04 14:00:00,22.04,74.11,
2023-07-04 14:30:00,22,74.9,
2023-07-04 15:00:00,21.95,75.7,
2023-07-04 15:30:00,21.91,76.49,
2023-07-04 16:00:00,21.86,77.28,
2023-07-04 16:30:00,21.82,78.07,
2023-07-04 17:00:00,21.77,78.87,
2023-07-04 17:30:00,21.88,74.81,
2023-07-04 18:00:00,21.9,75.19,
2023-07-04 18:30:00,21.93,75.57,
2023-07-04 19:00:00,21.96,75.95,
2023-07-04 19:30:00,21.98,76.33,
2023-07-04 20:00:00,22.01,76.71,
2023-07-04 20:30:00,22.04,77.09,
2023-07-04 21:00:00,22.06,77.47,
2023-07-04 21:30:00,22.09,77.85,
2023-07-04 22:00:00,22.12,78.24,
2023-07-04 22:30:00,21.92,77.72,
2023-07-04 23:00:00,21.94,77.23,
2023-07-04 23:30:00,21.96,76.73,
2023-07-05 00:00:00,21.98,76.23,
2023-07-05 00:30:00,22,75.73,
2023-07-05 01:00:00,22.03,75.23,
2023-07-05 01:30:00,22.05,74.73,
2023-07-05 02:00:00,22.07,74.23,
2023-07-05 02:30:00,22.09,73.73,
2023-07-05 03:00:00,22.12,73.23,
2023-07-05 03:30:00,22.09,74.78,
2023-07-05 04:00:00,22.12,74.24,
2023-07-05 04:30:00,22.15,73.69,
2023-07-05 05:00:00,22.19,73.14,
2023-07-05 05:30:00,22.22,72.59,
2023-07-05 06:00:00,22.26,72.04,
2023-07-05 06:30:00,22.29,71.49,
2023-07-05 07:00:00,22.33,70.94,
2023-07-05 07:30:00,22.36,70.39,
2023-07-05 08:00:00,22.4,69.84,
2023-07-05 08:30:00,22.36,66.87,
2023-07-05 09:00:00,22.31,68.12,
2023-07-05 09:30:00,22.26,69.38,
2023-07-05 10:00:00,22.2,70.64,
2023-07-05 10:30:00,22.15,71.9,
2023-07-05 11:00:00,22.09,73.16,
2023-07-05 11:30:00,22.04,74.42,
2023-07-05 12:00:00,21.98,75.68,
2023-07-05 12:30:00,21.93,76.94,
2023-07-05 13:00:00,21.87,78.2,
2023-07-05 13:30:00,22.14,73.72,
2023-07-05 14:00:00,22.09,74.28,
2023-07-05 14:30:00,22.04,74.85,
2023-07-05 15:00:00,21.98,75.42,
2023-07-05 15:30:00,21.93,75.99,
2023-07-05 16:00:00,21.87,76.56,
2023-07-05 16:30:00,21.82,77.13,
2023-07-05 17:00:00,21.76,77.7,
2023-07-05 17:30:00,21.71,78.27,
2023-07-05 18:00:00,21.65,78.84,
2023-07-05 18:30:00,21.7,76.27,
2023-07-05 19:00:00,21.67,76.82,
2023-07-05 19:30:00,21.64,77.37,
2023-07-05 20:00:00,21.61,77.92,
2023-07-05 20:30:00,21.58,78.47,
2023-07-05 21:00:00,21.54,79.02,
2023-07-05 21:30:00,21.51,79.57,
2023-07-05 22:00:00,21.48,80.12,
2023-07-05 22:30:00,21.45,80.67,
2023-07-05 23:00:00,21.41,81.23,
2023-07-05 23:30:00,21.4,80.35,
2023-07-06 00:00:00,21.42,80.61,
2023-07-06 00:30:00,21.45,80.87,
2023-07-06 01:00:00,21.48,81.14,
2023-07-06 01:30:00,21.51,81.4,
2023-07-06 02:00:00,21.53,81.67,
2023-07-06 02:30:00,21.56,81.93,
2023-07-06 03:00:00,21.59,82.2,
2023-07-06 03:30:00,21.62,82.46,
2023-07-06 04:00:00,21.65,82.73,
2023-07-06 04:30:00,21.41,82.64,
2023-07-06 05:00:00,21.45,82.04,
2023-07-06 05:30:00,21.49,81.43,
2023-07-06 06:00:00,21.53,80.82,
2023-07-06 06:30:00,21.57,80.21,
2023-07-06 07:00:00,21.61,79.6,
2023-07-06 07:30:00,21.65,78.99,
2023-07-06 08:00:00,21.69,78.38,
2023-07-06 08:30:00,21.73,77.77,
2023-07-06 09:00:00,21.77,77.16,
2023-07-06 09:30:00,21.87,80.32,
2023-07-06 10:00:00,21.85,79.83,
2023-07-06 10:30:00,21.83,79.33,
2023-07-06 11:00:00,21.8,78.83,
2023-07-06 11:30:00,21.78,78.33,
2023-07-06 12:00:00,21.75,77.84,
2023-07-06 12:30:00,21.73,77.34,
2023-07-06 13:00:00,21.7,76.84,
2023-07-06 13:30:00,21.68,76.34,
2023-07-06 14:00:00,21.65,75.84,
2023-07-06 14:30:00,21.71,76.14,
2023-07-06 15:00:00,21.69,76.51,
2023-07-06 15:30:00,21.67,76.88,
2023-07-06 16:00:00,21.65,77.25,
2023-07-06 16:30:00,21.63,77.62,
2023-07-06 17:00:00,21.61,77.99,
2023-07-06 17:30:00,21.59,78.36,
2023-07-06 18:00:00,21.57,78.73,
2023-07-06 18:30:00,21.55,79.1,
2023-07-06 19:00:00,21.52,79.47,
2023-07-06 19:30:00,21.4,79.15,
2023-07-06 20:00:00,21.42,79.42,
2023-07-06 20:30:00,21.45,79.69,
2023-07-06 21:00:00,21.48,79.96,
2023-07-06 21:30:00,21.51,80.23,
2023-07-06 22:00:00,21.53,80.5,
2023-07-06 22:30:00,21.56,80.77,
2023-07-06 23:00:00,21.59,81.04,
2023-07-06 23:30:00,21.62,81.31,
2023-07-07 00:00:00,21.65,81.58,
2023-07-07 00:30:00,21.4,83.62,
2023-07-07 01:00:00,21.42,83.15,
2023-07-07 01:30:00,21.45,82.67,
2023-07-07 02:00:00,21.48,82.19,
2023-07-07 02:30:00,21.51,81.71,
2023-07-07 03:00:00,21.53,81.23,
2023-07-07 03:30:00,21.56,80.75,
2023-07-07 04:00:00,21.59,80.27,
2023-07-07 04:30:00,21.62,79.79,
2023-07-07 05:00:00,21.65,79.31,
2023-07-07 05:30:00,21.65,80.38,
2023-07-07 06:00:00,21.67,79.8,
2023-07-07 06:30:00,21.7,79.21,
2023-07-07 07:00:00,21.72,78.63,
2023-07-07 07:30:00,21.75,78.04,
2023-07-07 08:00:00,21.77,77.46,
2023-07-07 08:30:00,21.8,76.87,
2023-07-07 09:00:00,21.82,76.29,
2023-07-07 09:30:00,21.85,75.7,
2023-07-07 10:00:00,21.88,75.11,
2023-07-07 10:30:00,21.89,75.58,
2023-07-07 11:00:00,21.87,75.9,
2023-07-07 11:30:00,21.84,76.23,
2023-07-07 12:00:00,21.81,76.55,
2023-07-07 12:30:00,21.79,76.88,
2023-07-07 13:00:00,21.76,77.2,
2023-07-07 13:30:00,21.73,77.53,
2023-07-07 14:00:00,21.71,77.85,
2023-07-07 14:30:00,21.68,78.18,
2023-07-07 15:00:00,21.65,78.51,
2023-07-07 15:30:00,21.65,75.54,
2023-07-07 16:00:00,21.67,76.26,
2023-07-07 16:30:00,21.7,76.98,
2023-07-07 17:00:00,21.72,77.71,
2023-07-07 17:30:00,21.75,78.43,
2023-07-07 18:00:00,21.77,79.16,
2023-07-07 18:30:00,21.8,79.88,
2023-07-07 19:00:00,21.82,80.61,
2023-07-07 19:30:00,21.85,81.33,
2023-07-07 20:00:00,21.88,82.06,
2023-07-07 20:30:00,21.84,80.18,
2023-07-07 21:00:00,21.82,80.56,
2023-07-07 21:30:00,21.8,80.95,
2023-07-07 22:00:00,21.78,81.34,
2023-07-07 22:30:00,21.76,81.72,
2023-07-07 23:00:00,21.74,82.11,
2023-07-07 23:30:00,21.72,82.5,
2023-07-08 00:00:00,21.7,82.88,
2023-07-08 00:30:00,21.68,83.27,
2023-07-08 01:00:00,21.65,83.66,
2023-07-08 01:30:00,21.65,85.19,
2023-07-08 02:00:00,21.66,84.39,
2023-07-08 02:30:00,21.67,83.58,
2023-07-08 03:00:00,21.69,82.77,
2023-07-08 03:30:00,21.7,81.96,
2023-07-08 04:00:00,21.72,81.16,
2023-07-08 04:30:00,21.73,80.35,
2023-07-08 05:00:00,21.75,79.54,
2023-07-08 05:30:00,21.76,78.73,
2023-07-08 06:00:00,21.78,77.92,
2023-07-08 06:30:00,22.09,81.05,
2023-07-08 07:00:00,22.07,80.55,
2023-07-08 07:30:00,22.04,80.05,
2023-07-08 08:00:00,22.01,79.55,
2023-07-08 08:30:00,21.98,79.05,
2023-07-08 09:00:00,21.96,78.55,
2023-07-08 09:30:00,21.93,78.05,
2023-07-08 10:00:00,21.9,77.55,
2023-07-08 10:30:00,21.87,77.05,
2023-07-08 11:00:00,21.84,76.54,
2023-07-08 11:30:00,22.02,75.93,
2023-07-08 12:00:00,22.01,76.45,
2023-07-08 12:30:00,21.99,76.97,
2023-07-08 13:00:00,21.98,77.5,
2023-07-08 13:30:00,21.96,78.02,
2023-07-08 14:00:00,21.95,78.55,
2023-07-08 14:30:00,21.93,79.07,
2023-07-08 15:00:00,21.92,79.6,
2023-07-08 15:30:00,21.9,80.12,
2023-07-08 16:00:00,21.88,80.65,
2023-07-08 16:30:00,21.76,74.89,
2023-07-08 17:00:00,21.78,75.47,
2023-07-08 17:30:00,21.81,76.06,
2023-07-08 18:00:00,21.84,76.64,
2023-07-08 18:30:00,21.87,77.23,
2023-07-08 19:00:00,21.9,77.81,
2023-07-08 19:30:00,21.93,78.4,
2023-07-08 20:00:00,21.96,78.98,
2023-07-08 20:30:00,21.99,79.57,
2023-07-08 21:00:00,22.02,80.16,
2023-07-08 21:30:00,21.77,79.45,
2023-07-08 22:00:00,21.79,80.01,
2023-07-08 22:30:00,21.82,80.58,
2023-07-08 23:00:00,21.85,81.14,
2023-07-08 23:30:00,21.88,81.71,
2023-07-09 00:00:00,21.9,82.27,
2023-07-09 00:30:00,21.93,82.84,
2023-07-09 01:00:00,21.96,83.4,
2023-07-09 01:30:00,21.99,83.97,
2023-07-09 02:00:00,22.02,84.54,
2023-07-09 02:30:00,21.89,83.91,
2023-07-09 03:00:00,21.92,82.67,
2023-07-09 03:30:00,21.95,81.43,
2023-07-09 04:00:00,21.99,80.18,
2023-07-09 04:30:00,22.02,78.94,
2023-07-09 05:00:00,22.06,77.69,
2023-07-09 05:30:00,22.09,76.45,
2023-07-09 06:00:00,22.13,75.2,
2023-07-09 06:30:00,22.16,73.96,
2023-07-09 07:00:00,22.2,72.71,
2023-07-09 07:30:00,22.38,73.64,
2023-07-09 08:00:00,22.34,74.38,
2023-07-09 08:30:00,22.3,75.12,
2023-07-09 09:00:00,22.26,75.87,
2023-07-09 09:30:00,22.22,76.61,
2023-07-09 10:00:00,22.18,77.35,
2023-07-09 10:30:00,22.14,78.1,
2023-07-09 11:00:00,22.1,78.84,
2023-07-09 11:30:00,22.06,79.58,
2023-07-09 12:00:00,22.02,80.33,
2023-07-09 12:30:00,22.16,78.83,
2023-07-09 13:00:00,22.14,78.29,
2023-07-09 13:30:00,22.11,77.75,
2023-07-09 14:00:00,22.08,77.21,
2023-07-09 14:30:00,22.05,76.67,
2023-07-09 15:00:00,22.02,76.13,
2023-07-09 15:30:00,21.99,75.59,
2023-07-09 16:00:00,21.96,75.05,
2023-07-09 16:30:00,21.93,74.51,
2023-07-09 17:00:00,21.9,73.97,
2023-07-09 17:30:00,22.13,73.14,
2023-07-09 18:00:00,22.11,73.48,
2023-07-09 18:30:00,22.08,73.82,
2023-07-09 19:00:00,22.05,74.16,
2023-07-09 19:30:00,22.03,74.5,
2023-07-09 20:00:00,22,74.84,
2023-07-09 20:30:00,21.97,75.18,
2023-07-09 21:00:00,21.95,75.52,
2023-07-09 21:30:00,21.92,75.86,
2023-07-09 22:00:00,21.89,76.2,
2023-07-09 22:30:00,21.89,76.32,
2023-07-09 23:00:00,21.92,76.14,
2023-07-09 23:30:00,21.95,75.95,
2023-07-10 00:00:00,21.99,75.76,
2023-07-10 00:30:00,22.02,75.58,
2023-07-10 01:00:00,22.05,75.39,
2023-07-10 01:30:00,22.09,75.2,
2023-07-10 02:00:00,22.12,75.02,
2023-07-10 02:30:00,22.15,74.83,
2023-07-10 03:00:00,22.19,74.64,
2023-07-10 03:30:00,22.03,75.96,
2023-07-10 04:00:00,22.07,75.46,
2023-07-10 04:30:00,22.11,74.96,
2023-07-10 05:00:00,22.16,74.45,
2023-07-10 05:30:00,22.2,73.95,
2023-07-10 06:00:00,22.24,73.44,
2023-07-10 06:30:00,22.29,72.94,
2023-07-10 07:00:00,22.33,72.43,
2023-07-10 07:30:00,22.37,71.93,
2023-07-10 08:00:00,22.42,71.42,
2023-07-10 08:30:00,22.2,71.85,
2023-07-10 09:00:00,22.16,72.4,
2023-07-10 09:30:00,22.11,72.95,
2023-07-10 10:00:00,22.06,73.5,
2023-07-10 10:30:00,22.01,74.05,
2023-07-10 11:00:00,21.96,74.6,
2023-07-10 11:30:00,21.91,75.15,
2023-07-10 12:00:00,21.86,75.7,
2023-07-10 12:30:00,21.81,76.25,
2023-07-10 13:00:00,21.76,76.81,
2023-07-10 13:30:00,21.74,76.89,
2023-07-10 14:00:00,21.75,76.19,
2023-07-10 14:30:00,21.77,75.48,
2023-07-10 15:00:00,21.79,74.77,
2023-07-10 15:30:00,21.81,74.07,
2023-07-10 16:00:00,21.83,73.36,
2023-07-10 16:30:00,21.85,72.65,
2023-07-10 17:00:00,21.87,71.95,
2023-07-10 17:30:00,21.89,71.24,
2023-07-10 18:00:00,21.91,70.53,
2023-07-10 18:30:00,21.87,72.48,
2023-07-10 19:00:00,21.85,72.37,
2023-07-10 19:30:00,21.83,72.25,
2023-07-10 20:00:00,21.8,72.13,
2023-07-10 20:30:00,21.78,72.02,
2023-07-10 21:00:00,21.75,71.9,
2023-07-10 21:30:00,21.73,71.78,
2023-07-10 22:00:00,21.7,71.67,
2023-07-10 22:30:00,21.68,71.55,
2023-07-10 23:00:00,21.65,71.43,
2023-07-10 23:30:00,21.84,71.95,
2023-07-11 00:00:00,21.82,71.86,
2023-07-11 00:30:00,21.8,71.76,
2023-07-11 01:00:00,21.78,71.67,
2023-07-11 01:30:00,21.76,71.57,
2023-07-11 02:00:00,21.74,71.48,
2023-07-11 02:30:00,21.72,71.38,
2023-07-11 03:00:00,21.7,71.29,
2023-07-11 03:30:00,21.68,71.19,
2023-07-11 04:00:00,21.65,71.09,
2023-07-11 04:30:00,21.66,71.06,
2023-07-11 05:00:00,21.68,70.89,
2023-07-11 05:30:00,21.71,70.71,
2023-07-11 06:00:00,21.73,70.53,
2023-07-11 06:30:00,21.76,70.35,
2023-07-11 07:00:00,21.78,70.18,
2023-07-11 07:30:00,21.81,70,
2023-07-11 08:00:00,21.83,69.82,
2023-07-11 08:30:00,21.86,69.64,
2023-07-11 09:00:00,21.89,69.46,
2023-07-11 09:30:00,21.88,70.86,
2023-07-11 10:00:00,21.86,71.17,
2023-07-11 10:30:00,21.84,71.48,
2023-07-11 11:00:00,21.82,71.8,
2023-07-11 11:30:00,21.8,72.11,
2023-07-11 12:00:00,21.78,72.42,
2023-07-11 12:30:00,21.76,72.74,
2023-07-11 13:00:00,21.74,73.05,
2023-07-11 13:30:00,21.72,73.36,
2023-07-11 14:00:00,21.7,73.68,
2023-07-11 14:30:00,21.89,74.68,
2023-07-11 15:00:00,21.87,74.38,
2023-07-11 15:30:00,21.84,74.08,
2023-07-11 16:00:00,21.81,73.77,
2023-07-11 16:30:00,21.79,73.47,
2023-07-11 17:00:00,21.76,73.16,
2023-07-11 17:30:00,21.73,72.86,
2023-07-11 18:00:00,21.71,72.55,
2023-07-11 18:30:00,21.68,72.25,
2023-07-11 19:00:00,21.65,71.94,
2023-07-11 19:30:00,21.77,72.01,
2023-07-11 20:00:00,21.76,71.91,
2023-07-11 20:30:00,21.75,71.8,
2023-07-11 21:00:00,21.73,71.69,
2023-07-11 21:30:00,21.72,71.59,
2023-07-11 22:00:00,21.71,71.48,
2023-07-11 22:30:00,21.69,71.37,
2023-07-11 23:00:00,21.68,71.27,
2023-07-11 23:30:00,21.67,71.16,
2023-07-12 00:00:00,21.65,71.05,
2023-07-12 00:30:00,21.76,71.37,
2023-07-12 01:00:00,21.75,71.23,
2023-07-12 01:30:00,21.74,71.08,
2023-07-12 02:00:00,21.73,70.93,
2023-07-12 02:30:00,21.72,70.78,
2023-07-12 03:00:00,21.7,70.63,
2023-07-12 03:30:00,21.69,70.48,
2023-07-12 04:00:00,21.68,70.33,
2023-07-12 04:30:00,21.67,70.18,
2023-07-12 05:00:00,21.65,70.03,
2023-07-12 05:30:00,21.66,68.19,
2023-07-12 06:00:00,21.7,68.37,
2023-07-12 06:30:00,21.74,68.55,
2023-07-12 07:00:00,21.78,68.73,
2023-07-12 07:30:00,21.82,68.91,
2023-07-12 08:00:00,21.86,69.1,
2023-07-12 08:30:00,21.9,69.28,
2023-07-12 09:00:00,21.94,69.46,
2023-07-12 09:30:00,21.98,69.64,
2023-07-12 10:00:00,22.02,69.83,
2023-07-12 10:30:00,21.7,69.57,
2023-07-12 11:00:00,21.74,69.91,
2023-07-12 11:30:00,21.78,70.25,
2023-07-12 12:00:00,21.83,70.59,
2023-07-12 12:30:00,21.87,70.93,
2023-07-12 13:00:00,21.92,71.27,
2023-07-12 13:30:00,21.96,71.61,
2023-07-12 14:00:00,22.01,71.95,
2023-07-12 14:30:00,22.05,72.29,
2023-07-12 15:00:00,22.1,72.63,
2023-07-12 15:30:00,21.89,71.65,
2023-07-12 16:00:00,21.91,71.37,
2023-07-12 16:30:00,21.94,71.09,
2023-07-12 17:00:00,21.97,70.8,
2023-07-12 17:30:00,22,70.52,
2023-07-12 18:00:00,22.02,70.24,
2023-07-12 18:30:00,22.05,69.95,
2023-07-12 19:00:00,22.08,69.67,
2023-07-12 19:30:00,22.11,69.39,
2023-07-12 20:00:00,22.14,69.1,
2023-07-12 20:30:00,21.81,69.24,
2023-07-12 21:00:00,21.83,69.55,
2023-07-12 21:30:00,21.86,69.87,
2023-07-12 22:00:00,21.89,70.19,
2023-07-12 22:30:00,21.91,70.5,
2023-07-12 23:00:00,21.94,70.82,
2023-07-12 23:30:00,21.97,71.14,
2023-07-13 00:00:00,21.99,71.45,
2023-07-13 00:30:00,22.02,71.77,
2023-07-13 01:00:00,22.05,72.09,
2023-07-13 01:30:00,22.02,73.15,
2023-07-13 02:00:00,22.04,72.97,
2023-07-13 02:30:00,22.07,72.78,
2023-07-13 03:00:00,22.1,72.59,
2023-07-13 03:30:00,22.12,72.4,
2023-07-13 04:00:00,22.15,72.21,
2023-07-13 04:30:00,22.18,72.02,
2023-07-13 05:00:00,22.2,71.83,
2023-07-13 05:30:00,22.23,71.64,
2023-07-13 06:00:00,22.26,71.45,
2023-07-13 06:30:00,22.45,71.93,
2023-07-13 07:00:00,22.41,71.49,
2023-07-13 07:30:00,22.37,71.05,
2023-07-13 08:00:00,22.33,70.61,
2023-07-13 08:30:00,22.29,70.17,
2023-07-13 09:00:00,22.25,69.73,
2023-07-13 09:30:00,22.21,69.29,
2023-07-13 10:00:00,22.17,68.85,
2023-07-13 10:30:00,22.13,68.41,
2023-07-13 11:00:00,22.09,67.96,
2023-07-13 11:30:00,22.48,70.11,
2023-07-13 12:00:00,22.43,70.52,
2023-07-13 12:30:00,22.38,70.93,
2023-07-13 13:00:00,22.33,71.35,
2023-07-13 13:30:00,22.28,71.76,
2023-07-13 14:00:00,22.23,72.17,
2023-07-13 14:30:00,22.18,72.59,
2023-07-13 15:00:00,22.13,73,
2023-07-13 15:30:00,22.08,73.41,
2023-07-13 16:00:00,22.02,73.83,
2023-07-13 16:30:00,22.26,71.71,
2023-07-13 17:00:00,22.23,71.38,
2023-07-13 17:30:00,22.2,71.05,
2023-07-13 18:00:00,22.17,70.72,
2023-07-13 18:30:00,22.14,70.39,
2023-07-13 19:00:00,22.11,70.05,
2023-07-13 19:30:00,22.08,69.72,
2023-07-13 20:00:00,22.05,69.39,
2023-07-13 20:30:00,22.02,69.06,
2023-07-13 21:00:00,21.99,68.72,
2023-07-13 21:30:00,22.02,73.66,
2023-07-13 22:00:00,22.04,73.38,
2023-07-13 22:30:00,22.07,73.1,
2023-07-13 23:00:00,22.09,72.82,
2023-07-13 23:30:00,22.12,72.54,
2023-07-14 00:00:00,22.14,72.26,
2023-07-14 00:30:00,22.17,71.98,
2023-07-14 01:00:00,22.19,71.7,
2023-07-14 01:30:00,22.22,71.42,
2023-07-14 02:00:00,22.25,71.14,
2023-07-14 02:30:00,22.14,75.14,
2023-07-14 03:00:00,22.18,74.66,
2023-07-14 03:30:00,22.22,74.18,
2023-07-14 04:00:00,22.26,73.7,
2023-07-14 04:30:00,22.3,73.22,
2023-07-14 05:00:00,22.35,72.74,
2023-07-14 05:30:00,22.39,72.26,
2023-07-14 06:00:00,22.43,71.78,
2023-07-14 06:30:00,22.47,71.3,
2023-07-14 07:00:00,22.52,70.81,
2023-07-14 07:30:00,22.55,74.33,
2023-07-14 08:00:00,22.52,73.5,
2023-07-14 08:30:00,22.48,72.66,
2023-07-14 09:00:00,22.44,71.82,
2023-07-14 09:30:00,22.4,70.98,
2023-07-14 10:00:00,22.36,70.14,
2023-07-14 10:30:00,22.32,69.3,
2023-07-14 11:00:00,22.28,68.46,
2023-07-14 11:30:00,22.24,67.62,
2023-07-14 12:00:00,22.2,66.78,
2023-07-14 12:30:00,22.16,74.7,
2023-07-14 13:00:00,22.19,74.2,
2023-07-14 13:30:00,22.22,73.7,
2023-07-14 14:00:00,22.25,73.2,
2023-07-14 14:30:00,22.28,72.7,
2023-07-14 15:00:00,22.31,72.2,
2023-07-14 15:30:00,22.34,71.7,
2023-07-14 16:00:00,22.37,71.2,
2023-07-14 16:30:00,22.4,70.7,
2023-07-14 17:00:00,22.44,70.19,
2023-07-14 17:30:00,22.61,71.05,
2023-07-14 18:00:00,22.56,71.54,
2023-07-14 18:30:00,22.51,72.04,
2023-07-14 19:00:00,22.46,72.54,
2023-07-14 19:30:00,22.41,73.03,
2023-07-14 20:00:00,22.36,73.53,
2023-07-14 20:30:00,22.31,74.03,
2023-07-14 21:00:00,22.26,74.52,
2023-07-14 21:30:00,22.21,75.02,
2023-07-14 22:00:00,22.15,75.52,
2023-07-14 22:30:00,22.02,73.16,
2023-07-14 23:00:00,22.06,73.76,
2023-07-14 23:30:00,22.1,74.37,
2023-07-15 00:00:00,22.14,74.98,
2023-07-15 00:30:00,22.18,75.59,
2023-07-15 01:00:00,22.23,76.19,
2023-07-15 01:30:00,22.27,76.8,
2023-07-15 02:00:00,22.31,77.41,
2023-07-15 02:30:00,22.35,78.02,
2023-07-15 03:00:00,22.4,78.63,
2023-07-15 03:30:00,22.12,80.53,
2023-07-15 04:00:00,22.19,79.39,
2023-07-15 04:30:00,22.26,78.25,
2023-07-15 05:00:00,22.33,77.1,
2023-07-15 05:30:00,22.4,75.96,
2023-07-15 06:00:00,22.47,74.81,
2023-07-15 06:30:00,22.54,73.67,
2023-07-15 07:00:00,22.61,72.52,
2023-07-15 07:30:00,22.68,71.38,
2023-07-15 08:00:00,22.76,70.23,
2023-07-15 08:30:00,22.4,69.98,
2023-07-15 09:00:00,22.42,70.69,
2023-07-15 09:30:00,22.45,71.4,
2023-07-15 10:00:00,22.48,72.11,
2023-07-15 10:30:00,22.5,72.82,
2023-07-15 11:00:00,22.53,73.53,
2023-07-15 11:30:00,22.56,74.24,
2023-07-15 12:00:00,22.58,74.95,
2023-07-15 12:30:00,22.61,75.66,
2023-07-15 13:00:00,22.64,76.37,
2023-07-15 13:30:00,22.33,77.37,
2023-07-15 14:00:00,22.35,76.44,
2023-07-15 14:30:00,22.38,75.51,
2023-07-15 15:00:00,22.41,74.58,
2023-07-15 15:30:00,22.44,73.65,
2023-07-15 16:00:00,22.46,72.72,
2023-07-15 16:30:00,22.49,71.79,
2023-07-15 17:00:00,22.52,70.86,
2023-07-15 17:30:00,22.55,69.93,
2023-07-15 18:00:00,22.58,69,
2023-07-15 18:30:00,22.82,72.26,
2023-07-15 19:00:00,22.75,73.02,
2023-07-15 19:30:00,22.67,73.78,
2023-07-15 20:00:00,22.59,74.55,
2023-07-15 20:30:00,22.51,75.31,
2023-07-15 21:00:00,22.44,76.08,
2023-07-15 21:30:00,22.36,76.84,
2023-07-15 22:00:00,22.28,77.61,
2023-07-15 22:30:00,22.2,78.37,
2023-07-15 23:00:00,22.12,79.14,
2023-07-15 23:30:00,22.14,74.76,
2023-07-16 00:00:00,22.16,75.48,
2023-07-16 00:30:00,22.19,76.21,
2023-07-16 01:00:00,22.22,76.94,
2023-07-16 01:30:00,22.25,77.67,
2023-07-16 02:00:00,22.28,78.4,
2023-07-16 02:30:00,22.31,79.13,
2023-07-16 03:00:00,22.34,79.86,
2023-07-16 03:30:00,22.37,80.59,
2023-07-16 04:00:00,22.4,81.32,
2023-07-16 04:30:00,22.13,81.97,
2023-07-16 05:00:00,22.21,80.62,
2023-07-16 05:30:00,22.29,79.26,
2023-07-16 06:00:00,22.38,77.9,
2023-07-16 06:30:00,22.46,76.54,
2023-07-16 07:00:00,22.55,75.18,
2023-07-16 07:30:00,22.63,73.82,
2023-07-16 08:00:00,22.72,72.46,
2023-07-16 08:30:00,22.8,71.1,
2023-07-16 09:00:00,22.89,69.74,
2023-07-16 09:30:00,22.7,78.95,
2023-07-16 10:00:00,22.67,78,
2023-07-16 10:30:00,22.64,77.05,
2023-07-16 11:00:00,22.6,76.1,
2023-07-16 11:30:00,22.57,75.15,
2023-07-16 12:00:00,22.54,74.19,
2023-07-16 12:30:00,22.5,73.24,
2023-07-16 13:00:00,22.47,72.29,
2023-07-16 13:30:00,22.44,71.34,
2023-07-16 14:00:00,22.4,70.38,
2023-07-16 14:30:00,22.4,81.54,
2023-07-16 15:00:00,22.44,80.27,
2023-07-16 15:30:00,22.48,78.99,
2023-07-16 16:00:00,22.52,77.71,
2023-07-16 16:30:00,22.56,76.43,
2023-07-16 17:00:00,22.6,75.15,
2023-07-16 17:30:00,22.64,73.87,
2023-07-16 18:00:00,22.68,72.59,
2023-07-16 18:30:00,22.72,71.31,
2023-07-16 19:00:00,22.76,70.03,
2023-07-16 19:30:00,22.44,73.3,
2023-07-16 20:00:00,22.41,74.15,
2023-07-16 20:30:00,22.38,75.01,
2023-07-16 21:00:00,22.34,75.86,
2023-07-16 21:30:00,22.31,76.72,
2023-07-16 22:00:00,22.28,77.57,
2023-07-16 22:30:00,22.24,78.43,
2023-07-16 23:00:00,22.21,79.28,
2023-07-16 23:30:00,22.18,80.14,
2023-07-17 00:00:00,22.14,81,
2023-07-17 00:30:00,22.4,76.22,
2023-07-17 01:00:00,22.38,76.88,
2023-07-17 01:30:00,22.35,77.54,
2023-07-17 02:00:00,22.32,78.21,
2023-07-17 02:30:00,22.29,78.87,
2023-07-17 03:00:00,22.27,79.53,
2023-07-17 03:30:00,22.24,80.2,
2023-07-17 04:00:00,22.21,80.86,
2023-07-17 04:30:00,22.18,81.52,
2023-07-17 05:00:00,22.15,82.19,
2023-07-17 05:30:00,22.7,82.82,
2023-07-17 06:00:00,22.64,81.36,
2023-07-17 06:30:00,22.57,79.9,
2023-07-17 07:00:00,22.5,78.44,
2023-07-17 07:30:00,22.43,76.98,
2023-07-17 08:00:00,22.36,75.51,
2023-07-17 08:30:00,22.29,74.05,
2023-07-17 09:00:00,22.22,72.59,
2023-07-17 09:30:00,22.15,71.13,
2023-07-17 10:00:00,22.08,69.66,
2023-07-17 10:30:00,21.89,74.97,
2023-07-17 11:00:00,21.93,74.51,
2023-07-17 11:30:00,21.97,74.05,
2023-07-17 12:00:00,22.01,73.59,
2023-07-17 12:30:00,22.05,73.13,
2023-07-17 13:00:00,22.09,72.67,
2023-07-17 13:30:00,22.13,72.21,
2023-07-17 14:00:00,22.17,71.75,
2023-07-17 14:30:00,22.21,71.29,
2023-07-17 15:00:00,22.26,70.83,
2023-07-17 15:30:00,22.14,66.76,
2023-07-17 16:00:00,22.17,67.24,
2023-07-17 16:30:00,22.2,67.72,
2023-07-17 17:00:00,22.24,68.21,
2023-07-17 17:30:00,22.27,68.69,
2023-07-17 18:00:00,22.31,69.18,
2023-07-17 18:30:00,22.34,69.66,
2023-07-17 19:00:00,22.38,70.15,
2023-07-17 19:30:00,22.41,70.63,
2023-07-17 20:00:00,22.45,71.12,
2023-07-17 20:30:00,22.02,69.72,
2023-07-17 21:00:00,22.03,70.24,
2023-07-17 21:30:00,22.04,70.77,
2023-07-17 22:00:00,22.06,71.29,
2023-07-17 22:30:00,22.07,71.82,
2023-07-17 23:00:00,22.09,72.34,
2023-07-17 23:30:00,22.1,72.87,
2023-07-18 00:00:00,22.12,73.39,
2023-07-18 00:30:00,22.13,73.92,
2023-07-18 01:00:00,22.15,74.45,
2023-07-18 01:30:00,22.02,73.32,
2023-07-18 02:00:00,22.04,73.65,
2023-07-18 02:30:00,22.07,73.98,
2023-07-18 03:00:00,22.1,74.31,
2023-07-18 03:30:00,22.12,74.64,
2023-07-18 04:00:00,22.15,74.98,
2023-07-18 04:30:00,22.18,75.31,
2023-07-18 05:00:00,22.2,75.64,
2023-07-18 05:30:00,22.23,75.97,
2023-07-18 06:00:00,22.26,76.31,
2023-07-18 06:30:00,22.58,75.15,
2023-07-18 07:00:00,22.54,74.6,
2023-07-18 07:30:00,22.49,74.04,
2023-07-18 08:00:00,22.44,73.49,
2023-07-18 08:30:00,22.39,72.93,
2023-07-18 09:00:00,22.34,72.38,
2023-07-18 09:30:00,22.29,71.82,
2023-07-18 10:00:00,22.24,71.27,
2023-07-18 10:30:00,22.19,70.71,
2023-07-18 11:00:00,22.14,70.15,
2023-07-18 11:30:00,21.88,72.16,
2023-07-18 12:00:00,21.91,71.86,
2023-07-18 12:30:00,21.94,71.56,
2023-07-18 13:00:00,21.97,71.26,
2023-07-18 13:30:00,22,70.96,
2023-07-18 14:00:00,22.03,70.66,
2023-07-18 14:30:00,22.06,70.36,
2023-07-18 15:00:00,22.09,70.06,
2023-07-18 15:30:00,22.12,69.76,
2023-07-18 16:00:00,22.15,69.46,
2023-07-18 16:30:00,22.02,68.99,
2023-07-18 17:00:00,22.05,69.43,
2023-07-18 17:30:00,22.08,69.87,
2023-07-18 18:00:00,22.12,70.31,
2023-07-18 18:30:00,22.15,70.75,
2023-07-18 19:00:00,22.19,71.2,
2023-07-18 19:30:00,22.22,71.64,
2023-07-18 20:00:00,22.26,72.08,
2023-07-18 20:30:00,22.29,72.52,
2023-07-18 21:00:00,22.33,72.97,
2023-07-18 21:30:00,22.26,72.1,
2023-07-18 22:00:00,22.22,72.41,
2023-07-18 22:30:00,22.18,72.72,
2023-07-18 23:00:00,22.14,73.04,
2023-07-18 23:30:00,22.1,73.35,
2023-07-19 00:00:00,22.06,73.66,
2023-07-19 00:30:00,22.02,73.98,
2023-07-19 01:00:00,21.98,74.29,
2023-07-19 01:30:00,21.94,74.6,
2023-07-19 02:00:00,21.89,74.92,
2023-07-19 02:30:00,22.09,77.23,
2023-07-19 03:00:00,22.15,76.41,
2023-07-19 03:30:00,22.21,75.58,
2023-07-19 04:00:00,22.27,74.75,
2023-07-19 04:30:00,22.33,73.92,
2023-07-19 05:00:00,22.39,73.09,
2023-07-19 05:30:00,22.45,72.26,
2023-07-19 06:00:00,22.51,71.43,
2023-07-19 06:30:00,22.57,70.6,
2023-07-19 07:00:00,22.64,69.77,
2023-07-19 07:30:00,22.79,77.32,
2023-07-19 08:00:00,22.74,76.5,
2023-07-19 08:30:00,22.68,75.67,
2023-07-19 09:00:00,22.62,74.84,
2023-07-19 09:30:00,22.56,74.01,
2023-07-19 10:00:00,22.5,73.18,
2023-07-19 10:30:00,22.44,72.35,
2023-07-19 11:00:00,22.38,71.52,
2023-07-19 11:30:00,22.32,70.69,
2023-07-19 12:00:00,22.26,69.86,
2023-07-19 12:30:00,22.4,69.75,
2023-07-19 13:00:00,22.45,70.4,
2023-07-19 13:30:00,22.4,70.74,
2023-07-19 14:00:00,22.4,71.7,
2023-07-19 14:30:00,22.4,72.13,
2023-07-19 15:00:00,22.4,72.93,
