Time,Temperature,Humidity,MAC Address 49:22:11:25:0F:1C
20/03/2024 11:50,32.64,70.88,
20/03/2024 12:00,32.99,67.33,
20/03/2024 12:10,33.34,63.77,
20/03/2024 12:20,33.7,60.22,
20/03/2024 12:30,34.05,56.66,
20/03/2024 12:40,34.41,53.11,
20/03/2024 12:50,34.76,49.55,
20/03/2024 13:00,35.12,46,
20/03/2024 13:10,35.47,42.44,
20/03/2024 13:20,35.83,38.88,
20/03/2024 13:30,35.64,71.42,
20/03/2024 13:40,35.65,71.75,
20/03/2024 13:50,35.66,72.08,
20/03/2024 14:00,35.68,72.41,
20/03/2024 14:10,35.69,72.74,
20/03/2024 14:20,35.71,73.07,
20/03/2024 14:30,35.72,73.4,
20/03/2024 14:40,35.74,73.73,
20/03/2024 14:50,35.75,74.06,
20/03/2024 15:00,35.77,74.4,
20/03/2024 15:10,35.9,19.85,
20/03/2024 15:20,35.81,26,
20/03/2024 15:30,35.71,32.15,
20/03/2024 15:40,35.61,38.3,
20/03/2024 15:50,35.51,44.45,
20/03/2024 16:00,35.42,50.6,
20/03/2024 16:10,35.32,56.75,
20/03/2024 16:20,35.22,62.9,
20/03/2024 16:30,35.12,69.05,
20/03/2024 16:40,35.02,75.21,
20/03/2024 16:50,35.12,18.59,
20/03/2024 17:00,35.23,22.12,
20/03/2024 17:10,35.34,25.66,
20/03/2024 17:20,35.45,29.2,
20/03/2024 17:30,35.56,32.74,
20/03/2024 17:40,35.67,36.28,
20/03/2024 17:50,35.78,39.82,
20/03/2024 18:00,35.89,43.36,
20/03/2024 18:10,36,46.9,
20/03/2024 18:20,36.11,50.44,
20/03/2024 18:30,35.77,48.95,
20/03/2024 18:40,35.79,49.44,
20/03/2024 18:50,35.82,49.93,
20/03/2024 19:00,35.85,50.42,
20/03/2024 19:10,35.88,50.91,
20/03/2024 19:20,35.9,51.41,
20/03/2024 19:30,35.93,51.9,
20/03/2024 19:40,35.96,52.39,
20/03/2024 19:50,35.99,52.88,
20/03/2024 20:00,36.02,53.38,
20/03/2024 20:10,35.65,53.57,
20/03/2024 20:20,35.67,53.81,
20/03/2024 20:30,35.7,54.05,
20/03/2024 20:40,35.73,54.3,
20/03/2024 20:50,35.76,54.54,
20/03/2024 21:00,35.78,54.79,
20/03/2024 21:10,35.81,55.03,
20/03/2024 21:20,35.84,55.28,
20/03/2024 21:30,35.87,55.52,
20/03/2024 21:40,35.9,55.77,
20/03/2024 21:50,35.9,55.92,
20/03/2024 22:00,35.88,56.12,
20/03/2024 22:10,35.85,56.33,
20/03/2024 22:20,35.82,56.54,
20/03/2024 22:30,35.79,56.74,
20/03/2024 22:40,35.77,56.95,
20/03/2024 22:50,35.74,57.16,
20/03/2024 23:00,35.71,57.36,
20/03/2024 23:10,35.68,57.57,
20/03/2024 23:20,35.65,57.78,
20/03/2024 23:30,35.9,57.98,
20/03/2024 23:40,35.88,58.14,
20/03/2024 23:50,35.85,58.31,
21/03/2024 0:00,35.82,58.48,
21/03/2024 0:10,35.79,58.64,
21/03/2024 0:20,35.76,58.81,
21/03/2024 0:30,35.73,58.98,
21/03/2024 0:40,35.7,59.14,
21/03/2024 0:50,35.67,59.31,
21/03/2024 1:00,35.64,59.48,
21/03/2024 1:10,35.9,59.32,
21/03/2024 1:20,35.88,59.49,
21/03/2024 1:30,35.85,59.66,
21/03/2024 1:40,35.82,59.84,
21/03/2024 1:50,35.79,60.01,
21/03/2024 2:00,35.77,60.18,
21/03/2024 2:10,35.74,60.36,
21/03/2024 2:20,35.71,60.53,
21/03/2024 2:30,35.68,60.7,
21/03/2024 2:40,35.65,60.88,
21/03/2024 2:50,35.76,60.38,
21/03/2024 3:00,35.75,60.52,
21/03/2024 3:10,35.74,60.66,
21/03/2024 3:20,35.72,60.8,
21/03/2024 3:30,35.71,60.94,
21/03/2024 3:40,35.7,61.08,
21/03/2024 3:50,35.68,61.22,
21/03/2024 4:00,35.67,61.36,
21/03/2024 4:10,35.66,61.5,
21/03/2024 4:20,35.64,61.64,
21/03/2024 4:30,35.65,61.23,
21/03/2024 4:40,35.67,61.36,
21/03/2024 4:50,35.7,61.5,
21/03/2024 5:00,35.73,61.64,
21/03/2024 5:10,35.76,61.78,
21/03/2024 5:20,35.78,61.91,
21/03/2024 5:30,35.81,62.05,
21/03/2024 5:40,35.84,62.19,
21/03/2024 5:50,35.87,62.33,
21/03/2024 6:00,35.9,62.47,
21/03/2024 6:10,35.89,62.71,
21/03/2024 6:20,35.91,62.8,
21/03/2024 6:30,35.94,62.9,
21/03/2024 6:40,35.97,62.99,
21/03/2024 6:50,36,63.09,
21/03/2024 7:00,36.03,63.18,
21/03/2024 7:10,36.06,63.28,
21/03/2024 7:20,36.09,63.37,
21/03/2024 7:30,36.12,63.47,
21/03/2024 7:40,36.15,63.57,
21/03/2024 7:50,35.9,63.26,
21/03/2024 8:00,35.92,63.31,
21/03/2024 8:10,35.95,63.37,
21/03/2024 8:20,35.98,63.43,
21/03/2024 8:30,36.01,63.49,
21/03/2024 8:40,36.03,63.55,
21/03/2024 8:50,36.06,63.61,
21/03/2024 9:00,36.09,63.67,
21/03/2024 9:10,36.12,63.73,
21/03/2024 9:20,36.15,63.79,
21/03/2024 9:30,35.95,63.68,
21/03/2024 9:40,35.97,63.78,
21/03/2024 9:50,35.99,63.88,
21/03/2024 10:00,36.01,63.98,
21/03/2024 10:10,36.03,64.08,
21/03/2024 10:20,36.06,64.18,
21/03/2024 10:30,36.08,64.28,
21/03/2024 10:40,36.1,64.38,
21/03/2024 10:50,36.12,64.48,
21/03/2024 11:00,36.15,64.58,
21/03/2024 11:10,35.9,64.7,
21/03/2024 11:20,35.92,64.77,
21/03/2024 11:30,35.94,64.84,
21/03/2024 11:40,35.96,64.91,
21/03/2024 11:50,35.98,64.98,
21/03/2024 12:00,36,65.05,
21/03/2024 12:10,36.02,65.12,
21/03/2024 12:20,36.04,65.19,
21/03/2024 12:30,36.06,65.26,
21/03/2024 12:40,36.08,65.34,
21/03/2024 12:50,35.9,66.01,
21/03/2024 13:00,35.92,65.93,
21/03/2024 13:10,35.95,65.84,
21/03/2024 13:20,35.98,65.75,
21/03/2024 13:30,36.01,65.66,
21/03/2024 13:40,36.03,65.58,
21/03/2024 13:50,36.06,65.49,
21/03/2024 14:00,36.09,65.4,
21/03/2024 14:10,36.12,65.31,
21/03/2024 14:20,36.15,65.22,
21/03/2024 14:30,36.15,65.83,
21/03/2024 14:40,36.13,65.91,
21/03/2024 14:50,36.1,65.99,
21/03/2024 15:00,36.07,66.07,
21/03/2024 15:10,36.04,66.15,
21/03/2024 15:20,36.02,66.23,
21/03/2024 15:30,35.99,66.31,
21/03/2024 15:40,35.96,66.39,
21/03/2024 15:50,35.93,66.47,
21/03/2024 16:00,35.9,66.56,
21/03/2024 16:10,36.15,66.27,
21/03/2024 16:20,36.13,66.31,
21/03/2024 16:30,36.1,66.36,
21/03/2024 16:40,36.07,66.41,
21/03/2024 16:50,36.04,66.46,
21/03/2024 17:00,36.02,66.51,
21/03/2024 17:10,35.99,66.56,
21/03/2024 17:20,35.96,66.61,
21/03/2024 17:30,35.93,66.66,
21/03/2024 17:40,35.9,66.71,
21/03/2024 17:50,36.2,66.63,
21/03/2024 18:00,36.18,66.68,
21/03/2024 18:10,36.15,66.73,
21/03/2024 18:20,36.12,66.79,
21/03/2024 18:30,36.09,66.84,
21/03/2024 18:40,36.06,66.9,
21/03/2024 18:50,36.03,66.95,
21/03/2024 19:00,36,67.01,
21/03/2024 19:10,35.97,67.06,
21/03/2024 19:20,35.94,67.12,
21/03/2024 19:30,36.15,66.6,
21/03/2024 19:40,36.1,66.66,
21/03/2024 19:50,36.05,66.73,
21/03/2024 20:00,36,66.8,
21/03/2024 20:10,35.95,66.87,
21/03/2024 20:20,35.9,66.94,
21/03/2024 20:30,35.85,67.01,
21/03/2024 20:40,35.8,67.08,
21/03/2024 20:50,35.75,67.15,
21/03/2024 21:00,35.7,67.22,
21/03/2024 21:10,35.67,66.89,
21/03/2024 21:20,35.72,66.85,
21/03/2024 21:30,35.77,66.8,
21/03/2024 21:40,35.83,66.75,
21/03/2024 21:50,35.88,66.71,
21/03/2024 22:00,35.93,66.66,
21/03/2024 22:10,35.99,66.61,
21/03/2024 22:20,36.04,66.57,
21/03/2024 22:30,36.09,66.52,
21/03/2024 22:40,36.15,66.47,
21/03/2024 22:50,35.7,67.18,
21/03/2024 23:00,35.72,67.12,
21/03/2024 23:10,35.74,67.05,
21/03/2024 23:20,35.77,66.99,
21/03/2024 23:30,35.79,66.92,
21/03/2024 23:40,35.82,66.86,
21/03/2024 23:50,35.84,66.79,
22/03/2024 0:00,35.87,66.73,
22/03/2024 0:10,35.89,66.66,
22/03/2024 0:20,35.92,66.59,
22/03/2024 0:30,35.96,66.64,
22/03/2024 0:40,35.94,66.71,
22/03/2024 0:50,35.92,66.78,
22/03/2024 1:00,35.9,66.85,
22/03/2024 1:10,35.88,66.92,
22/03/2024 1:20,35.85,66.99,
22/03/2024 1:30,35.83,67.06,
22/03/2024 1:40,35.81,67.13,
22/03/2024 1:50,35.79,67.2,
22/03/2024 2:00,35.76,67.27,
22/03/2024 2:10,35.7,66.74,
22/03/2024 2:20,35.75,66.79,
22/03/2024 2:30,35.8,66.84,
22/03/2024 2:40,35.85,66.89,
22/03/2024 2:50,35.9,66.94,
22/03/2024 3:00,35.95,66.99,
22/03/2024 3:10,36,67.04,
22/03/2024 3:20,36.05,67.09,
22/03/2024 3:30,36.1,67.14,
22/03/2024 3:40,36.15,67.2,
22/03/2024 3:50,36.02,66.88,
22/03/2024 4:00,35.99,66.95,
22/03/2024 4:10,35.95,67.02,
22/03/2024 4:20,35.92,67.09,
22/03/2024 4:30,35.88,67.16,
22/03/2024 4:40,35.85,67.23,
22/03/2024 4:50,35.81,67.3,
22/03/2024 5:00,35.78,67.37,
22/03/2024 5:10,35.74,67.44,
22/03/2024 5:20,35.7,67.51,
22/03/2024 5:30,35.9,67.17,
22/03/2024 5:40,35.92,67.28,
22/03/2024 5:50,35.95,67.39,
22/03/2024 6:00,35.98,67.5,
22/03/2024 6:10,36.01,67.61,
22/03/2024 6:20,36.03,67.73,
22/03/2024 6:30,36.06,67.84,
22/03/2024 6:40,36.09,67.95,
22/03/2024 6:50,36.12,68.06,
22/03/2024 7:00,36.15,68.18,
22/03/2024 7:10,36.15,67.89,
22/03/2024 7:20,36.13,67.96,
22/03/2024 7:30,36.1,68.04,
22/03/2024 7:40,36.08,68.12,
22/03/2024 7:50,36.05,68.19,
22/03/2024 8:00,36.03,68.27,
22/03/2024 8:10,36,68.35,
22/03/2024 8:20,35.98,68.42,
22/03/2024 8:30,35.95,68.5,
22/03/2024 8:40,35.92,68.58,
22/03/2024 8:50,35.77,68.31,
22/03/2024 9:00,35.81,68.37,
22/03/2024 9:10,35.85,68.43,
22/03/2024 9:20,35.89,68.49,
22/03/2024 9:30,35.93,68.55,
22/03/2024 9:40,35.98,68.61,
22/03/2024 9:50,36.02,68.67,
22/03/2024 10:00,36.06,68.73,
22/03/2024 10:10,36.1,68.79,
22/03/2024 10:20,36.15,68.86,
22/03/2024 10:30,35.9,68.63,
22/03/2024 10:40,35.92,68.69,
22/03/2024 10:50,35.95,68.76,
22/03/2024 11:00,35.98,68.83,
22/03/2024 11:10,36.01,68.9,
22/03/2024 11:20,36.03,68.97,
22/03/2024 11:30,36.06,69.04,
22/03/2024 11:40,36.09,69.11,
22/03/2024 11:50,36.12,69.18,
22/03/2024 12:00,36.15,69.25,
22/03/2024 12:10,36.15,69.28,
22/03/2024 12:20,36.11,64.43,
22/03/2024 12:30,36.07,59.58,
22/03/2024 12:40,36.02,54.72,
22/03/2024 12:50,35.98,49.87,
22/03/2024 13:00,35.94,45.02,
22/03/2024 13:10,35.89,40.16,
22/03/2024 13:20,35.85,35.31,
22/03/2024 13:30,35.81,30.46,
22/03/2024 13:40,35.76,25.6,
22/03/2024 13:50,36.02,53.95,
22/03/2024 14:00,36.04,55.18,
22/03/2024 14:10,36.06,56.41,
22/03/2024 14:20,36.08,57.64,
22/03/2024 14:30,36.1,58.87,
22/03/2024 14:40,36.12,60.11,
22/03/2024 14:50,36.14,61.34,
22/03/2024 15:00,36.16,62.57,
22/03/2024 15:10,36.18,63.8,
22/03/2024 15:20,36.21,65.04,
22/03/2024 15:30,35.9,65.82,
22/03/2024 15:40,35.93,63.12,
22/03/2024 15:50,35.96,60.41,
22/03/2024 16:00,36,57.71,
22/03/2024 16:10,36.03,55,
22/03/2024 16:20,36.06,52.3,
22/03/2024 16:30,36.1,49.59,
22/03/2024 16:40,36.13,46.89,
22/03/2024 16:50,36.16,44.18,
22/03/2024 17:00,36.2,41.47,
22/03/2024 17:10,36.15,54.16,
22/03/2024 17:20,36.17,54.55,
22/03/2024 17:30,36.2,54.94,
22/03/2024 17:40,36.23,55.33,
22/03/2024 17:50,36.25,55.72,
22/03/2024 18:00,36.28,56.11,
22/03/2024 18:10,36.31,56.5,
22/03/2024 18:20,36.33,56.89,
22/03/2024 18:30,36.36,57.28,
22/03/2024 18:40,36.39,57.68,
22/03/2024 18:50,36.39,57.69,
22/03/2024 19:00,36.35,57.86,
22/03/2024 19:10,36.31,58.03,
22/03/2024 19:20,36.27,58.21,
22/03/2024 19:30,36.23,58.38,
22/03/2024 19:40,36.19,58.56,
22/03/2024 19:50,36.15,58.73,
22/03/2024 20:00,36.11,58.91,
22/03/2024 20:10,36.07,59.08,
22/03/2024 20:20,36.02,59.26,
22/03/2024 20:30,36.15,59,
22/03/2024 20:40,36.13,59.16,
22/03/2024 20:50,36.1,59.33,
22/03/2024 21:00,36.07,59.5,
22/03/2024 21:10,36.04,59.67,
22/03/2024 21:20,36.02,59.84,
22/03/2024 21:30,35.99,60.01,
22/03/2024 21:40,35.96,60.18,
22/03/2024 21:50,35.93,60.35,
22/03/2024 22:00,35.9,60.52,
22/03/2024 22:10,35.9,60.18,
22/03/2024 22:20,35.93,60.31,
22/03/2024 22:30,35.96,60.45,
22/03/2024 22:40,35.99,60.59,
22/03/2024 22:50,36.02,60.73,
22/03/2024 23:00,36.05,60.86,
22/03/2024 23:10,36.08,61,
22/03/2024 23:20,36.11,61.14,
22/03/2024 23:30,36.14,61.28,
22/03/2024 23:40,36.17,61.42,
22/03/2024 23:50,36.02,61.33,
23/03/2024 0:00,36.03,61.43,
23/03/2024 0:10,36.05,61.54,
23/03/2024 0:20,36.07,61.64,
23/03/2024 0:30,36.08,61.75,
23/03/2024 0:40,36.1,61.85,
23/03/2024 0:50,36.12,61.96,
23/03/2024 1:00,36.13,62.06,
23/03/2024 1:10,36.15,62.17,
23/03/2024 1:20,36.17,62.28,
23/03/2024 1:30,36.15,62.28,
23/03/2024 1:40,36.14,62.36,
23/03/2024 1:50,36.13,62.44,
23/03/2024 2:00,36.11,62.53,
23/03/2024 2:10,36.1,62.61,
23/03/2024 2:20,36.08,62.7,
23/03/2024 2:30,36.07,62.78,
23/03/2024 2:40,36.05,62.87,
23/03/2024 2:50,36.04,62.95,
23/03/2024 3:00,36.02,63.04,
23/03/2024 3:10,35.9,62.98,
23/03/2024 3:20,35.92,63.06,
23/03/2024 3:30,35.95,63.14,
23/03/2024 3:40,35.98,63.22,
23/03/2024 3:50,36.01,63.3,
23/03/2024 4:00,36.03,63.38,
23/03/2024 4:10,36.06,63.46,
23/03/2024 4:20,36.09,63.54,
23/03/2024 4:30,36.12,63.62,
23/03/2024 4:40,36.15,63.7,
23/03/2024 4:50,36.02,63.62,
23/03/2024 5:00,36.05,63.78,
23/03/2024 5:10,36.08,63.94,
23/03/2024 5:20,36.12,64.1,
23/03/2024 5:30,36.15,64.26,
23/03/2024 5:40,36.19,64.42,
23/03/2024 5:50,36.22,64.58,
23/03/2024 6:00,36.26,64.74,
23/03/2024 6:10,36.29,64.9,
23/03/2024 6:20,36.33,65.06,
23/03/2024 6:30,36.42,65.91,
23/03/2024 6:40,36.39,65.82,
23/03/2024 6:50,36.36,65.72,
23/03/2024 7:00,36.33,65.62,
23/03/2024 7:10,36.3,65.52,
23/03/2024 7:20,36.27,65.43,
23/03/2024 7:30,36.24,65.33,
23/03/2024 7:40,36.21,65.23,
23/03/2024 7:50,36.18,65.13,
23/03/2024 8:00,36.15,65.03,
23/03/2024 8:10,36.36,65.81,
23/03/2024 8:20,36.35,65.92,
23/03/2024 8:30,36.33,66.03,
23/03/2024 8:40,36.31,66.14,
23/03/2024 8:50,36.29,66.25,
23/03/2024 9:00,36.28,66.36,
23/03/2024 9:10,36.26,66.47,
23/03/2024 9:20,36.24,66.58,
23/03/2024 9:30,36.22,66.69,
23/03/2024 9:40,36.2,66.8,
23/03/2024 9:50,36.15,66.76,
23/03/2024 10:00,36.17,66.83,
23/03/2024 10:10,36.2,66.91,
23/03/2024 10:20,36.22,66.99,
23/03/2024 10:30,36.25,67.07,
23/03/2024 10:40,36.27,67.15,
23/03/2024 10:50,36.3,67.23,
23/03/2024 11:00,36.32,67.31,
23/03/2024 11:10,36.35,67.39,
23/03/2024 11:20,36.38,67.47,
23/03/2024 11:30,36.2,67.46,
23/03/2024 11:40,36.22,67.52,
23/03/2024 11:50,36.24,67.58,
23/03/2024 12:00,36.26,67.64,
23/03/2024 12:10,36.28,67.7,
23/03/2024 12:20,36.3,67.77,
23/03/2024 12:30,36.32,67.83,
23/03/2024 12:40,36.34,67.89,
23/03/2024 12:50,36.36,67.95,
23/03/2024 13:00,36.38,68.02,
23/03/2024 13:10,36.27,67.8,
23/03/2024 13:20,36.26,67.86,
23/03/2024 13:30,36.25,67.92,
23/03/2024 13:40,36.24,67.99,
23/03/2024 13:50,36.23,68.05,
23/03/2024 14:00,36.22,68.12,
23/03/2024 14:10,36.21,68.18,
23/03/2024 14:20,36.2,68.25,
23/03/2024 14:30,36.19,68.31,
23/03/2024 14:40,36.17,68.38,
23/03/2024 14:50,36.15,68.2,
23/03/2024 15:00,36.17,68.26,
23/03/2024 15:10,36.19,68.33,
23/03/2024 15:20,36.21,68.4,
23/03/2024 15:30,36.23,68.47,
23/03/2024 15:40,36.25,68.53,
23/03/2024 15:50,36.27,68.6,
23/03/2024 16:00,36.29,68.67,
23/03/2024 16:10,36.31,68.74,
23/03/2024 16:20,36.33,68.81,
23/03/2024 16:30,36.15,68.6,
23/03/2024 16:40,36.17,68.62,
23/03/2024 16:50,36.2,68.64,
23/03/2024 17:00,36.23,68.67,
23/03/2024 17:10,36.25,68.69,
23/03/2024 17:20,36.28,68.71,
23/03/2024 17:30,36.31,68.74,
23/03/2024 17:40,36.33,68.76,
23/03/2024 17:50,36.36,68.78,
23/03/2024 18:00,36.39,68.81,
23/03/2024 18:10,36.36,68.66,
23/03/2024 18:20,36.35,68.7,
23/03/2024 18:30,36.33,68.74,
23/03/2024 18:40,36.31,68.79,
23/03/2024 18:50,36.29,68.83,
23/03/2024 19:00,36.28,68.87,
23/03/2024 19:10,36.26,68.92,
23/03/2024 19:20,36.24,68.96,
23/03/2024 19:30,36.22,69,
23/03/2024 19:40,36.2,69.05,
23/03/2024 19:50,36.2,68.31,
23/03/2024 20:00,36.17,68.36,
23/03/2024 20:10,36.14,68.41,
23/03/2024 20:20,36.1,68.46,
23/03/2024 20:30,36.07,68.51,
23/03/2024 20:40,36.04,68.56,
23/03/2024 20:50,36,68.61,
23/03/2024 21:00,35.97,68.66,
23/03/2024 21:10,35.94,68.71,
23/03/2024 21:20,35.9,68.77,
23/03/2024 21:30,35.9,68.84,
23/03/2024 21:40,35.92,68.81,
23/03/2024 21:50,35.95,68.78,
23/03/2024 22:00,35.98,68.74,
23/03/2024 22:10,36.01,68.71,
23/03/2024 22:20,36.03,68.67,
23/03/2024 22:30,36.06,68.64,
23/03/2024 22:40,36.09,68.6,
23/03/2024 22:50,36.12,68.57,
23/03/2024 23:00,36.15,68.53,
23/03/2024 23:10,36.2,68.5,
23/03/2024 23:20,36.18,68.54,
23/03/2024 23:30,36.16,68.59,
23/03/2024 23:40,36.14,68.64,
23/03/2024 23:50,36.12,68.68,
24/03/2024 0:00,36.1,68.73,
24/03/2024 0:10,36.08,68.78,
24/03/2024 0:20,36.06,68.82,
24/03/2024 0:30,36.04,68.87,
24/03/2024 0:40,36.02,68.92,
24/03/2024 0:50,35.9,69.23,
24/03/2024 1:00,35.92,69.21,
24/03/2024 1:10,35.95,69.18,
24/03/2024 1:20,35.98,69.15,
24/03/2024 1:30,36.01,69.13,
24/03/2024 1:40,36.03,69.1,
24/03/2024 1:50,36.06,69.07,
24/03/2024 2:00,36.09,69.05,
24/03/2024 2:10,36.12,69.02,
24/03/2024 2:20,36.15,68.99,
24/03/2024 2:30,35.9,68.99,
24/03/2024 2:40,35.92,69.05,
24/03/2024 2:50,35.95,69.11,
24/03/2024 3:00,35.98,69.17,
24/03/2024 3:10,36.01,69.23,
24/03/2024 3:20,36.03,69.3,
24/03/2024 3:30,36.06,69.36,
24/03/2024 3:40,36.09,69.42,
24/03/2024 3:50,36.12,69.48,
24/03/2024 4:00,36.15,69.55,
24/03/2024 4:10,35.9,69.36,
24/03/2024 4:20,35.92,69.41,
24/03/2024 4:30,35.95,69.46,
24/03/2024 4:40,35.98,69.51,
24/03/2024 4:50,36.01,69.56,
24/03/2024 5:00,36.03,69.61,
24/03/2024 5:10,36.06,69.66,
24/03/2024 5:20,36.09,69.71,
24/03/2024 5:30,36.12,69.76,
24/03/2024 5:40,36.15,69.82,
24/03/2024 5:50,36.02,69.98,
24/03/2024 6:00,36.06,70.08,
24/03/2024 6:10,36.1,70.19,
24/03/2024 6:20,36.14,70.3,
24/03/2024 6:30,36.18,70.41,
24/03/2024 6:40,36.22,70.52,
24/03/2024 6:50,36.26,70.63,
24/03/2024 7:00,36.3,70.74,
24/03/2024 7:10,36.34,70.85,
24/03/2024 7:20,36.39,70.96,
24/03/2024 7:30,36.39,70.66,
24/03/2024 7:40,36.37,70.7,
24/03/2024 7:50,36.34,70.75,
24/03/2024 8:00,36.31,70.8,
24/03/2024 8:10,36.28,70.84,
24/03/2024 8:20,36.25,70.89,
24/03/2024 8:30,36.22,70.94,
24/03/2024 8:40,36.19,70.98,
24/03/2024 8:50,36.16,71.03,
24/03/2024 9:00,36.13,71.08,
24/03/2024 9:10,36.4,70.58,
24/03/2024 9:20,36.38,70.62,
24/03/2024 9:30,36.35,70.66,
24/03/2024 9:40,36.32,70.7,
24/03/2024 9:50,36.29,70.74,
24/03/2024 10:00,36.27,70.79,
24/03/2024 10:10,36.24,70.83,
24/03/2024 10:20,36.21,70.87,
24/03/2024 10:30,36.18,70.91,
24/03/2024 10:40,36.15,70.96,
24/03/2024 10:50,36.17,70.76,
24/03/2024 11:00,36.19,70.81,
24/03/2024 11:10,36.21,70.86,
24/03/2024 11:20,36.23,70.91,
24/03/2024 11:30,36.25,70.96,
24/03/2024 11:40,36.27,71.02,
24/03/2024 11:50,36.29,71.07,
24/03/2024 12:00,36.31,71.12,
24/03/2024 12:10,36.33,71.17,
24/03/2024 12:20,36.36,71.23,
24/03/2024 12:30,36.15,71.03,
24/03/2024 12:40,36.17,71.08,
24/03/2024 12:50,36.2,71.14,
24/03/2024 13:00,36.22,71.2,
24/03/2024 13:10,36.25,71.26,
24/03/2024 13:20,36.27,71.32,
24/03/2024 13:30,36.3,71.38,
24/03/2024 13:40,36.32,71.44,
24/03/2024 13:50,36.35,71.5,
24/03/2024 14:00,36.38,71.56,
24/03/2024 14:10,36.39,71.23,
24/03/2024 14:20,36.37,71.27,
24/03/2024 14:30,36.34,71.32,
24/03/2024 14:40,36.31,71.37,
24/03/2024 14:50,36.29,71.41,
24/03/2024 15:00,36.26,71.46,
24/03/2024 15:10,36.23,71.51,
24/03/2024 15:20,36.21,71.55,
24/03/2024 15:30,36.18,71.6,
24/03/2024 15:40,36.15,71.65,
24/03/2024 15:50,36.38,71.65,
24/03/2024 16:00,36.36,71.68,
24/03/2024 16:10,36.33,71.71,
24/03/2024 16:20,36.3,71.75,
24/03/2024 16:30,36.27,71.78,
24/03/2024 16:40,36.25,71.81,
24/03/2024 16:50,36.22,71.85,
24/03/2024 17:00,36.19,71.88,
24/03/2024 17:10,36.16,71.91,
24/03/2024 17:20,36.13,71.95,
24/03/2024 17:30,36.37,71.74,
24/03/2024 17:40,36.35,71.78,
24/03/2024 17:50,36.33,71.82,
24/03/2024 18:00,36.3,71.87,
24/03/2024 18:10,36.28,71.91,
24/03/2024 18:20,36.25,71.96,
24/03/2024 18:30,36.23,72,
24/03/2024 18:40,36.2,72.05,
24/03/2024 18:50,36.18,72.09,
24/03/2024 19:00,36.15,72.14,
24/03/2024 19:10,36.26,72.29,
24/03/2024 19:20,36.24,72.21,
24/03/2024 19:30,36.21,72.13,
24/03/2024 19:40,36.18,72.04,
24/03/2024 19:50,36.16,71.96,
24/03/2024 20:00,36.13,71.87,
24/03/2024 20:10,36.1,71.79,
24/03/2024 20:20,36.08,71.7,
24/03/2024 20:30,36.05,71.62,
24/03/2024 20:40,36.02,71.53,
24/03/2024 20:50,35.9,71.79,
24/03/2024 21:00,35.93,71.75,
24/03/2024 21:10,35.96,71.7,
24/03/2024 21:20,36,71.65,
24/03/2024 21:30,36.03,71.61,
24/03/2024 21:40,36.06,71.56,
24/03/2024 21:50,36.1,71.51,
24/03/2024 22:00,36.13,71.47,
24/03/2024 22:10,36.16,71.42,
24/03/2024 22:20,36.2,71.37,
24/03/2024 22:30,36.02,71.31,
24/03/2024 22:40,36.03,71.34,
24/03/2024 22:50,36.05,71.37,
24/03/2024 23:00,36.07,71.4,
24/03/2024 23:10,36.08,71.43,
24/03/2024 23:20,36.1,71.46,
24/03/2024 23:30,36.12,71.49,
24/03/2024 23:40,36.13,71.52,
24/03/2024 23:50,36.15,71.55,
25/03/2024 0:00,36.17,71.58,
25/03/2024 0:10,36.02,71.37,
25/03/2024 0:20,36.03,71.4,
25/03/2024 0:30,36.04,71.44,
25/03/2024 0:40,36.06,71.48,
25/03/2024 0:50,36.07,71.51,
25/03/2024 1:00,36.09,71.55,
25/03/2024 1:10,36.1,71.59,
25/03/2024 1:20,36.12,71.62,
25/03/2024 1:30,36.13,71.66,
25/03/2024 1:40,36.15,71.7,
25/03/2024 1:50,36.08,71.37,
25/03/2024 2:00,36.09,71.41,
25/03/2024 2:10,36.1,71.45,
25/03/2024 2:20,36.12,71.49,
25/03/2024 2:30,36.13,71.53,
25/03/2024 2:40,36.15,71.58,
25/03/2024 2:50,36.16,71.62,
25/03/2024 3:00,36.18,71.66,
25/03/2024 3:10,36.19,71.7,
25/03/2024 3:20,36.21,71.75,
25/03/2024 3:30,36.26,71.74,
25/03/2024 3:40,36.25,71.71,
25/03/2024 3:50,36.24,71.68,
25/03/2024 4:00,36.23,71.65,
25/03/2024 4:10,36.22,71.62,
25/03/2024 4:20,36.2,71.59,
25/03/2024 4:30,36.19,71.56,
25/03/2024 4:40,36.18,71.53,
25/03/2024 4:50,36.17,71.5,
25/03/2024 5:00,36.15,71.46,
25/03/2024 5:10,36.15,71.61,
25/03/2024 5:20,36.17,71.72,
25/03/2024 5:30,36.19,71.83,
25/03/2024 5:40,36.21,71.95,
25/03/2024 5:50,36.23,72.06,
25/03/2024 6:00,36.25,72.17,
25/03/2024 6:10,36.27,72.29,
25/03/2024 6:20,36.29,72.4,
25/03/2024 6:30,36.31,72.51,
25/03/2024 6:40,36.33,72.63,
25/03/2024 6:50,36.43,72.6,
25/03/2024 7:00,36.42,72.64,
25/03/2024 7:10,36.4,72.68,
25/03/2024 7:20,36.38,72.72,
25/03/2024 7:30,36.36,72.76,
25/03/2024 7:40,36.34,72.8,
25/03/2024 7:50,36.32,72.84,
25/03/2024 8:00,36.3,72.88,
25/03/2024 8:10,36.28,72.92,
25/03/2024 8:20,36.26,72.97,
25/03/2024 8:30,36.2,72.91,
25/03/2024 8:40,36.22,72.95,
25/03/2024 8:50,36.25,72.99,
25/03/2024 9:00,36.28,73.03,
25/03/2024 9:10,36.31,73.07,
25/03/2024 9:20,36.33,73.11,
25/03/2024 9:30,36.36,73.15,
25/03/2024 9:40,36.39,73.19,
25/03/2024 9:50,36.42,73.23,
25/03/2024 10:00,36.45,73.28,
25/03/2024 10:10,36.39,73.14,
25/03/2024 10:20,36.37,73.2,
25/03/2024 10:30,36.34,73.27,
25/03/2024 10:40,36.31,73.34,
25/03/2024 10:50,36.29,73.41,
25/03/2024 11:00,36.26,73.47,
25/03/2024 11:10,36.23,73.54,
25/03/2024 11:20,36.21,73.61,
25/03/2024 11:30,36.18,73.68,
25/03/2024 11:40,36.15,73.75,
25/03/2024 11:50,36.15,73.59,
25/03/2024 12:00,36.17,73.62,
25/03/2024 12:10,36.19,73.66,
25/03/2024 12:20,36.21,73.7,
25/03/2024 12:30,36.23,73.74,
25/03/2024 12:40,36.25,73.77,
25/03/2024 12:50,36.27,73.81,
25/03/2024 13:00,36.29,73.85,
25/03/2024 13:10,36.31,73.89,
25/03/2024 13:20,36.33,73.93,
25/03/2024 13:30,36.15,74.03,
25/03/2024 13:40,36.17,74,
25/03/2024 13:50,36.2,73.96,
25/03/2024 14:00,36.23,73.92,
25/03/2024 14:10,36.25,73.88,
25/03/2024 14:20,36.28,73.85,
25/03/2024 14:30,36.31,73.81,
25/03/2024 14:40,36.33,73.77,
25/03/2024 14:50,36.36,73.73,
25/03/2024 15:00,36.39,73.69,
25/03/2024 15:10,35.86,35.62,
25/03/2024 15:20,35.9,39.87,
25/03/2024 15:30,35.94,44.13,
25/03/2024 15:40,35.99,48.39,
25/03/2024 15:50,36.03,52.65,
25/03/2024 16:00,36.08,56.91,
25/03/2024 16:10,36.12,61.17,
25/03/2024 16:20,36.17,65.43,
25/03/2024 16:30,36.21,69.69,
25/03/2024 16:40,36.26,73.95,
25/03/2024 16:50,36.36,52.08,
25/03/2024 17:00,36.34,52.78,
25/03/2024 17:10,36.32,53.49,
25/03/2024 17:20,36.29,54.19,
25/03/2024 17:30,36.27,54.9,
25/03/2024 17:40,36.25,55.6,
25/03/2024 17:50,36.22,56.31,
25/03/2024 18:00,36.2,57.01,
25/03/2024 18:10,36.18,57.72,
25/03/2024 18:20,36.15,58.43,
25/03/2024 18:30,36.38,58.69,
25/03/2024 18:40,36.36,58.81,
25/03/2024 18:50,36.33,58.94,
25/03/2024 19:00,36.31,59.07,
25/03/2024 19:10,36.28,59.2,
25/03/2024 19:20,36.26,59.32,
25/03/2024 19:30,36.23,59.45,
25/03/2024 19:40,36.21,59.58,
25/03/2024 19:50,36.18,59.71,
25/03/2024 20:00,36.15,59.84,
25/03/2024 20:10,35.92,59.8,
25/03/2024 20:20,35.94,59.87,
25/03/2024 20:30,35.97,59.95,
25/03/2024 20:40,35.99,60.03,
25/03/2024 20:50,36.02,60.11,
25/03/2024 21:00,36.04,60.18,
25/03/2024 21:10,36.07,60.26,
25/03/2024 21:20,36.09,60.34,
25/03/2024 21:30,36.12,60.42,
25/03/2024 21:40,36.15,60.5,
25/03/2024 21:50,35.92,60.37,
25/03/2024 22:00,35.94,60.41,
25/03/2024 22:10,35.97,60.46,
25/03/2024 22:20,35.99,60.5,
25/03/2024 22:30,36.02,60.55,
25/03/2024 22:40,36.04,60.59,
25/03/2024 22:50,36.07,60.64,
25/03/2024 23:00,36.09,60.68,
25/03/2024 23:10,36.12,60.73,
25/03/2024 23:20,36.15,60.78,
25/03/2024 23:30,36.02,60.67,
25/03/2024 23:40,36.04,60.71,
25/03/2024 23:50,36.06,60.75,
26/03/2024 0:00,36.08,60.79,
26/03/2024 0:10,36.1,60.83,
26/03/2024 0:20,36.12,60.88,
26/03/2024 0:30,36.14,60.92,
26/03/2024 0:40,36.16,60.96,
26/03/2024 0:50,36.18,61,
26/03/2024 1:00,36.2,61.05,
26/03/2024 1:10,35.92,61.01,
26/03/2024 1:20,35.94,61.05,
26/03/2024 1:30,35.97,61.09,
26/03/2024 1:40,35.99,61.13,
26/03/2024 1:50,36.02,61.17,
26/03/2024 2:00,36.04,61.22,
26/03/2024 2:10,36.07,61.26,
26/03/2024 2:20,36.09,61.3,
26/03/2024 2:30,36.12,61.34,
26/03/2024 2:40,36.15,61.39,
26/03/2024 2:50,36.24,61.47,
26/03/2024 3:00,36.22,61.5,
26/03/2024 3:10,36.2,61.53,
26/03/2024 3:20,36.17,61.56,
26/03/2024 3:30,36.15,61.59,
26/03/2024 3:40,36.12,61.63,
26/03/2024 3:50,36.1,61.66,
26/03/2024 4:00,36.07,61.69,
26/03/2024 4:10,36.05,61.72,
26/03/2024 4:20,36.02,61.76,
26/03/2024 4:30,36.02,61.78,
26/03/2024 4:40,36.04,61.89,
26/03/2024 4:50,36.07,62.01,
26/03/2024 5:00,36.1,62.13,
26/03/2024 5:10,36.12,62.24,
26/03/2024 5:20,36.15,62.36,
26/03/2024 5:30,36.18,62.48,
26/03/2024 5:40,36.2,62.59,
26/03/2024 5:50,36.23,62.71,
26/03/2024 6:00,36.26,62.83,
26/03/2024 6:10,36.15,62.78,
26/03/2024 6:20,36.16,62.87,
26/03/2024 6:30,36.17,62.96,
26/03/2024 6:40,36.19,63.05,
26/03/2024 6:50,36.2,63.14,
26/03/2024 7:00,36.22,63.23,
26/03/2024 7:10,36.23,63.32,
26/03/2024 7:20,36.25,63.41,
26/03/2024 7:30,36.26,63.5,
26/03/2024 7:40,36.28,63.59,
26/03/2024 7:50,36.15,63.48,
26/03/2024 8:00,36.17,63.54,
26/03/2024 8:10,36.19,63.61,
26/03/2024 8:20,36.22,63.68,
26/03/2024 8:30,36.24,63.74,
26/03/2024 8:40,36.26,63.81,
26/03/2024 8:50,36.29,63.88,
26/03/2024 9:00,36.31,63.94,
26/03/2024 9:10,36.33,64.01,
26/03/2024 9:20,36.36,64.08,
26/03/2024 9:30,36.15,64.11,
26/03/2024 9:40,36.17,64.18,
26/03/2024 9:50,36.2,64.25,
26/03/2024 10:00,36.22,64.32,
26/03/2024 10:10,36.25,64.39,
26/03/2024 10:20,36.27,64.46,
26/03/2024 10:30,36.3,64.53,
26/03/2024 10:40,36.32,64.6,
26/03/2024 10:50,36.35,64.67,
26/03/2024 11:00,36.38,64.74,
26/03/2024 11:10,36.36,64.66,
26/03/2024 11:20,36.34,64.72,
26/03/2024 11:30,36.32,64.79,
26/03/2024 11:40,36.29,64.85,
26/03/2024 11:50,36.27,64.92,
26/03/2024 12:00,36.25,64.98,
26/03/2024 12:10,36.22,65.05,
26/03/2024 12:20,36.2,65.11,
26/03/2024 12:30,36.18,65.18,
26/03/2024 12:40,36.15,65.25,
26/03/2024 12:50,36.36,65.68,
26/03/2024 13:00,36.34,65.63,
26/03/2024 13:10,36.32,65.58,
26/03/2024 13:20,36.29,65.53,
26/03/2024 13:30,36.27,65.48,
26/03/2024 13:40,36.25,65.42,
26/03/2024 13:50,36.22,65.37,
26/03/2024 14:00,36.2,65.32,
26/03/2024 14:10,36.18,65.27,
26/03/2024 14:20,36.15,65.21,
26/03/2024 14:30,36.08,65.68,
26/03/2024 14:40,36.1,65.73,
26/03/2024 14:50,36.12,65.78,
26/03/2024 15:00,36.14,65.83,
26/03/2024 15:10,36.16,65.88,
26/03/2024 15:20,36.18,65.94,
26/03/2024 15:30,36.2,65.99,
26/03/2024 15:40,36.22,66.04,
26/03/2024 15:50,36.24,66.09,
26/03/2024 16:00,36.26,66.15,
26/03/2024 16:10,36.15,65.98,
26/03/2024 16:20,36.17,66.02,
26/03/2024 16:30,36.19,66.06,
26/03/2024 16:40,36.22,66.11,
26/03/2024 16:50,36.24,66.15,
26/03/2024 17:00,36.26,66.2,
26/03/2024 17:10,36.29,66.24,
26/03/2024 17:20,36.31,66.29,
26/03/2024 17:30,36.33,66.33,
26/03/2024 17:40,36.36,66.38,
26/03/2024 17:50,36.27,66.75,
26/03/2024 18:00,36.25,66.73,
26/03/2024 18:10,36.23,66.71,
26/03/2024 18:20,36.21,66.69,
26/03/2024 18:30,36.19,66.67,
26/03/2024 18:40,36.17,66.64,
26/03/2024 18:50,36.15,66.62,
26/03/2024 19:00,36.13,66.6,
26/03/2024 19:10,36.11,66.58,
26/03/2024 19:20,36.08,66.55,
26/03/2024 19:30,36.2,66.64,
26/03/2024 19:40,36.18,66.59,
26/03/2024 19:50,36.16,66.53,
26/03/2024 20:00,36.14,66.48,
26/03/2024 20:10,36.12,66.42,
26/03/2024 20:20,36.1,66.37,
26/03/2024 20:30,36.08,66.31,
26/03/2024 20:40,36.06,66.26,
26/03/2024 20:50,36.04,66.2,
26/03/2024 21:00,36.02,66.14,
26/03/2024 21:10,36.15,66.38,
26/03/2024 21:20,36.13,66.36,
26/03/2024 21:30,36.1,66.33,
26/03/2024 21:40,36.08,66.3,
26/03/2024 21:50,36.05,66.27,
26/03/2024 22:00,36.03,66.24,
26/03/2024 22:10,36,66.21,
26/03/2024 22:20,35.98,66.18,
26/03/2024 22:30,35.95,66.15,
26/03/2024 22:40,35.92,66.12,
26/03/2024 22:50,36.15,66.71,
26/03/2024 23:00,36.13,66.67,
26/03/2024 23:10,36.1,66.63,
26/03/2024 23:20,36.07,66.59,
26/03/2024 23:30,36.04,66.55,
26/03/2024 23:40,36.02,66.51,
26/03/2024 23:50,35.99,66.47,
27/03/2024 0:00,35.96,66.43,
27/03/2024 0:10,35.93,66.39,
27/03/2024 0:20,35.9,66.34,
27/03/2024 0:30,36.08,66.36,
27/03/2024 0:40,36.07,66.42,
27/03/2024 0:50,36.05,66.49,
27/03/2024 1:00,36.04,66.56,
27/03/2024 1:10,36.02,66.63,
27/03/2024 1:20,36.01,66.7,
27/03/2024 1:30,35.99,66.77,
27/03/2024 1:40,35.98,66.84,
27/03/2024 1:50,35.96,66.91,
27/03/2024 2:00,35.94,66.98,
27/03/2024 2:10,35.9,66.73,
27/03/2024 2:20,35.92,66.77,
27/03/2024 2:30,35.95,66.81,
27/03/2024 2:40,35.98,66.85,
27/03/2024 2:50,36.01,66.89,
27/03/2024 3:00,36.03,66.93,
27/03/2024 3:10,36.06,66.97,
27/03/2024 3:20,36.09,67.01,
27/03/2024 3:30,36.12,67.05,
27/03/2024 3:40,36.15,67.09,
27/03/2024 3:50,36.15,66.89,
27/03/2024 4:00,36.13,66.93,
27/03/2024 4:10,36.1,66.97,
27/03/2024 4:20,36.07,67.02,
27/03/2024 4:30,36.04,67.06,
27/03/2024 4:40,36.02,67.1,
27/03/2024 4:50,35.99,67.15,
27/03/2024 5:00,35.96,67.19,
27/03/2024 5:10,35.93,67.23,
27/03/2024 5:20,35.9,67.28,
27/03/2024 5:30,35.92,67.4,
27/03/2024 5:40,35.96,67.49,
27/03/2024 5:50,36.01,67.59,
27/03/2024 6:00,36.06,67.69,
27/03/2024 6:10,36.11,67.78,
27/03/2024 6:20,36.16,67.88,
27/03/2024 6:30,36.21,67.98,
27/03/2024 6:40,36.26,68.07,
27/03/2024 6:50,36.31,68.17,
27/03/2024 7:00,36.36,68.27,
27/03/2024 7:10,36.39,68.4,
27/03/2024 7:20,36.37,68.45,
27/03/2024 7:30,36.35,68.5,
27/03/2024 7:40,36.33,68.55,
27/03/2024 7:50,36.31,68.6,
27/03/2024 8:00,36.29,68.66,
27/03/2024 8:10,36.27,68.71,
27/03/2024 8:20,36.25,68.76,
27/03/2024 8:30,36.23,68.81,
27/03/2024 8:40,36.2,68.87,
27/03/2024 8:50,36.39,68.8,
27/03/2024 9:00,36.36,68.82,
27/03/2024 9:10,36.33,68.85,
27/03/2024 9:20,36.3,68.88,
27/03/2024 9:30,36.27,68.91,
27/03/2024 9:40,36.24,68.94,
27/03/2024 9:50,36.21,68.97,
27/03/2024 10:00,36.18,69,
27/03/2024 10:10,36.15,69.03,
27/03/2024 10:20,36.11,69.06,
27/03/2024 10:30,36.15,69.02,
27/03/2024 10:40,36.17,69.06,
27/03/2024 10:50,36.19,69.1,
27/03/2024 11:00,36.22,69.14,
27/03/2024 11:10,36.24,69.18,
27/03/2024 11:20,36.26,69.23,
27/03/2024 11:30,36.29,69.27,
27/03/2024 11:40,36.31,69.31,
27/03/2024 11:50,36.33,69.35,
27/03/2024 12:00,36.36,69.4,
27/03/2024 12:10,36.26,69.38,
27/03/2024 12:20,36.24,69.44,
27/03/2024 12:30,36.22,69.5,
27/03/2024 12:40,36.2,69.57,
27/03/2024 12:50,36.18,69.63,
27/03/2024 13:00,36.16,69.69,
27/03/2024 13:10,36.14,69.76,
27/03/2024 13:20,36.12,69.82,
27/03/2024 13:30,36.1,69.88,
27/03/2024 13:40,36.08,69.95,
27/03/2024 13:50,36.17,70.01,
27/03/2024 14:00,36.13,65.56,
27/03/2024 14:10,36.08,61.11,
27/03/2024 14:20,36.03,56.66,
27/03/2024 14:30,35.98,52.21,
27/03/2024 14:40,35.93,47.76,
27/03/2024 14:50,35.88,43.31,
27/03/2024 15:00,35.83,38.86,
27/03/2024 15:10,35.78,34.41,
27/03/2024 15:20,35.73,29.96,
27/03/2024 15:30,36.02,69.33,
27/03/2024 15:40,36.05,67.82,
27/03/2024 15:50,36.08,66.31,
27/03/2024 16:00,36.12,64.8,
27/03/2024 16:10,36.15,63.29,
27/03/2024 16:20,36.19,61.77,
27/03/2024 16:30,36.22,60.26,
27/03/2024 16:40,36.26,58.75,
27/03/2024 16:50,36.29,57.24,
27/03/2024 17:00,36.33,55.72,
27/03/2024 17:10,35.38,69.74,
27/03/2024 17:20,35.47,64.76,
27/03/2024 17:30,35.57,59.77,
27/03/2024 17:40,35.67,54.78,
27/03/2024 17:50,35.77,49.79,
27/03/2024 18:00,35.86,44.8,
27/03/2024 18:10,35.96,39.81,
27/03/2024 18:20,36.06,34.82,
27/03/2024 18:30,36.16,29.83,
27/03/2024 18:40,36.26,24.84,
27/03/2024 18:50,36.4,57.38,
27/03/2024 19:00,36.38,57.94,
27/03/2024 19:10,36.35,58.5,
27/03/2024 19:20,36.32,59.06,
27/03/2024 19:30,36.29,59.62,
27/03/2024 19:40,36.27,60.18,
27/03/2024 19:50,36.24,60.74,
27/03/2024 20:00,36.21,61.3,
27/03/2024 20:10,36.18,61.86,
27/03/2024 20:20,36.15,62.42,
27/03/2024 20:30,36.15,62.96,
27/03/2024 20:40,36.14,63.14,
27/03/2024 20:50,36.13,63.33,
27/03/2024 21:00,36.11,63.52,
27/03/2024 21:10,36.1,63.7,
27/03/2024 21:20,36.08,63.89,
27/03/2024 21:30,36.07,64.08,
27/03/2024 21:40,36.05,64.26,
27/03/2024 21:50,36.04,64.45,
27/03/2024 22:00,36.02,64.64,
27/03/2024 22:10,36.02,66.01,
27/03/2024 22:20,36.04,65.87,
27/03/2024 22:30,36.06,65.73,
27/03/2024 22:40,36.08,65.58,
27/03/2024 22:50,36.1,65.44,
27/03/2024 23:00,36.12,65.3,
27/03/2024 23:10,36.14,65.15,
27/03/2024 23:20,36.16,65.01,
27/03/2024 23:30,36.18,64.87,
27/03/2024 23:40,36.2,64.72,
27/03/2024 23:50,35.98,66.03,
28/03/2024 0:00,36,66.12,
28/03/2024 0:10,36.02,66.22,
28/03/2024 0:20,36.05,66.31,
28/03/2024 0:30,36.07,66.41,
28/03/2024 0:40,36.1,66.5,
28/03/2024 0:50,36.12,66.6,
28/03/2024 1:00,36.15,66.69,
28/03/2024 1:10,36.17,66.79,
28/03/2024 1:20,36.2,66.89,
28/03/2024 1:30,36.26,67.09,
28/03/2024 1:40,36.25,67.16,
28/03/2024 1:50,36.23,67.23,
28/03/2024 2:00,36.21,67.31,
28/03/2024 2:10,36.2,67.38,
28/03/2024 2:20,36.18,67.45,
28/03/2024 2:30,36.16,67.53,
28/03/2024 2:40,36.15,67.6,
28/03/2024 2:50,36.13,67.67,
28/03/2024 3:00,36.11,67.75,
28/03/2024 3:10,36.26,67.71,
28/03/2024 3:20,36.25,67.79,
28/03/2024 3:30,36.24,67.88,
28/03/2024 3:40,36.23,67.97,
28/03/2024 3:50,36.22,68.06,
28/03/2024 4:00,36.2,68.15,
28/03/2024 4:10,36.19,68.24,
28/03/2024 4:20,36.18,68.33,
28/03/2024 4:30,36.17,68.42,
28/03/2024 4:40,36.15,68.51,
28/03/2024 4:50,36.15,68.37,
28/03/2024 5:00,36.17,68.5,
28/03/2024 5:10,36.2,68.64,
28/03/2024 5:20,36.22,68.78,
28/03/2024 5:30,36.25,68.92,
28/03/2024 5:40,36.27,69.06,
28/03/2024 5:50,36.3,69.2,
28/03/2024 6:00,36.32,69.34,
28/03/2024 6:10,36.35,69.48,
28/03/2024 6:20,36.38,69.62,
28/03/2024 6:30,36.39,69.69,
28/03/2024 6:40,36.39,69.75,
28/03/2024 6:50,36.38,69.81,
28/03/2024 7:00,36.37,69.88,
28/03/2024 7:10,36.37,69.94,
28/03/2024 7:20,36.36,70,
28/03/2024 7:30,36.35,70.07,
28/03/2024 7:40,36.35,70.13,
28/03/2024 7:50,36.34,70.19,
28/03/2024 8:00,36.33,70.26,
28/03/2024 8:10,36.26,70.09,
28/03/2024 8:20,36.28,70.16,
28/03/2024 8:30,36.3,70.23,
28/03/2024 8:40,36.32,70.31,
28/03/2024 8:50,36.34,70.38,
28/03/2024 9:00,36.37,70.46,
28/03/2024 9:10,36.39,70.53,
28/03/2024 9:20,36.41,70.61,
28/03/2024 9:30,36.43,70.68,
28/03/2024 9:40,36.46,70.76,
28/03/2024 9:50,36.25,70.71,
28/03/2024 10:00,36.27,70.76,
28/03/2024 10:10,36.3,70.81,
28/03/2024 10:20,36.33,70.86,
28/03/2024 10:30,36.35,70.91,
28/03/2024 10:40,36.38,70.96,
28/03/2024 10:50,36.41,71.01,
28/03/2024 11:00,36.43,71.06,
28/03/2024 11:10,36.46,71.11,
28/03/2024 11:20,36.49,71.17,
28/03/2024 11:30,36.4,71.48,
28/03/2024 11:40,36.38,71.52,
28/03/2024 11:50,36.35,71.57,
28/03/2024 12:00,36.32,71.62,
28/03/2024 12:10,36.29,71.66,
28/03/2024 12:20,36.27,71.71,
28/03/2024 12:30,36.24,71.76,
28/03/2024 12:40,36.21,71.8,
28/03/2024 12:50,36.18,71.85,
28/03/2024 13:00,36.15,71.9,
28/03/2024 13:10,36.39,71.75,
28/03/2024 13:20,36.37,71.81,
28/03/2024 13:30,36.35,71.87,
28/03/2024 13:40,36.33,71.94,
28/03/2024 13:50,36.31,72,
28/03/2024 14:00,36.29,72.06,
28/03/2024 14:10,36.27,72.13,
28/03/2024 14:20,36.25,72.19,
28/03/2024 14:30,36.23,72.25,
28/03/2024 14:40,36.2,72.32,
28/03/2024 14:50,36.15,72.14,
28/03/2024 15:00,36.17,72.19,
28/03/2024 15:10,36.2,72.25,
28/03/2024 15:20,36.23,72.31,
28/03/2024 15:30,36.25,72.36,
28/03/2024 15:40,36.28,72.42,
28/03/2024 15:50,36.31,72.48,
28/03/2024 16:00,36.33,72.53,
28/03/2024 16:10,36.36,72.59,
28/03/2024 16:20,36.39,72.65,
28/03/2024 16:30,36.17,72.54,
28/03/2024 16:40,36.19,72.62,
28/03/2024 16:50,36.21,72.71,
28/03/2024 17:00,36.24,72.8,
28/03/2024 17:10,36.26,72.88,
28/03/2024 17:20,36.29,72.97,
28/03/2024 17:30,36.31,73.06,
28/03/2024 17:40,36.34,73.14,
28/03/2024 17:50,36.36,73.23,
28/03/2024 18:00,36.39,73.32,
28/03/2024 18:10,36.39,73.42,
28/03/2024 18:20,36.37,73.45,
28/03/2024 18:30,36.35,73.49,
28/03/2024 18:40,36.32,73.52,
28/03/2024 18:50,36.3,73.56,
28/03/2024 19:00,36.27,73.59,
28/03/2024 19:10,36.25,73.63,
28/03/2024 19:20,36.22,73.66,
28/03/2024 19:30,36.2,73.7,
28/03/2024 19:40,36.17,73.74,
28/03/2024 19:50,36.4,73.26,
28/03/2024 20:00,36.37,73.29,
28/03/2024 20:10,36.33,73.33,
28/03/2024 20:20,36.3,73.36,
28/03/2024 20:30,36.26,73.4,
28/03/2024 20:40,36.23,73.43,
28/03/2024 20:50,36.19,73.47,
28/03/2024 21:00,36.16,73.5,
28/03/2024 21:10,36.12,73.54,
28/03/2024 21:20,36.08,73.58,
28/03/2024 21:30,36.25,73.27,
28/03/2024 21:40,36.23,73.31,
28/03/2024 21:50,36.2,73.36,
28/03/2024 22:00,36.18,73.4,
28/03/2024 22:10,36.15,73.45,
28/03/2024 22:20,36.13,73.49,
28/03/2024 22:30,36.1,73.54,
28/03/2024 22:40,36.08,73.58,
28/03/2024 22:50,36.05,73.63,
28/03/2024 23:00,36.02,73.68,
28/03/2024 23:10,36.02,73.82,
28/03/2024 23:20,36.04,73.76,
28/03/2024 23:30,36.07,73.69,
28/03/2024 23:40,36.1,73.62,
28/03/2024 23:50,36.12,73.56,
29/03/2024 0:00,36.15,73.49,
29/03/2024 0:10,36.18,73.42,
29/03/2024 0:20,36.2,73.36,
29/03/2024 0:30,36.23,73.29,
29/03/2024 0:40,36.26,73.22,
29/03/2024 0:50,36.15,73.54,
29/03/2024 1:00,36.16,73.49,
29/03/2024 1:10,36.17,73.44,
29/03/2024 1:20,36.18,73.38,
29/03/2024 1:30,36.19,73.33,
29/03/2024 1:40,36.21,73.28,
29/03/2024 1:50,36.22,73.22,
29/03/2024 2:00,36.23,73.17,
29/03/2024 2:10,36.24,73.12,
29/03/2024 2:20,36.26,73.06,
29/03/2024 2:30,36.15,72.95,
29/03/2024 2:40,36.15,72.99,
29/03/2024 2:50,36.16,73.04,
29/03/2024 3:00,36.16,73.09,
29/03/2024 3:10,36.17,73.14,
29/03/2024 3:20,36.17,73.18,
29/03/2024 3:30,36.18,73.23,
29/03/2024 3:40,36.18,73.28,
29/03/2024 3:50,36.19,73.33,
29/03/2024 4:00,36.2,73.38,
29/03/2024 4:10,36.08,72.96,
29/03/2024 4:20,36.1,73,
29/03/2024 4:30,36.12,73.04,
29/03/2024 4:40,36.14,73.09,
29/03/2024 4:50,36.16,73.13,
29/03/2024 5:00,36.18,73.17,
29/03/2024 5:10,36.2,73.22,
29/03/2024 5:20,36.22,73.26,
29/03/2024 5:30,36.24,73.3,
29/03/2024 5:40,36.26,73.35,
29/03/2024 5:50,36.2,73.43,
29/03/2024 6:00,36.22,73.52,
29/03/2024 6:10,36.24,73.62,
29/03/2024 6:20,36.26,73.72,
29/03/2024 6:30,36.28,73.82,
29/03/2024 6:40,36.31,73.91,
29/03/2024 6:50,36.33,74.01,
29/03/2024 7:00,36.35,74.11,
29/03/2024 7:10,36.37,74.21,
29/03/2024 7:20,36.4,74.31,
29/03/2024 7:30,36.52,74.09,
29/03/2024 7:40,36.48,74.16,
29/03/2024 7:50,36.44,74.23,
29/03/2024 8:00,36.4,74.3,
29/03/2024 8:10,36.36,74.37,
29/03/2024 8:20,36.32,74.44,
29/03/2024 8:30,36.28,74.51,
29/03/2024 8:40,36.24,74.58,
29/03/2024 8:50,36.2,74.65,
29/03/2024 9:00,36.15,74.72,
29/03/2024 9:10,36.26,74.76,
29/03/2024 9:20,36.27,74.78,
29/03/2024 9:30,36.28,74.81,
29/03/2024 9:40,36.3,74.84,
29/03/2024 9:50,36.31,74.87,
29/03/2024 10:00,36.33,74.9,
29/03/2024 10:10,36.34,74.93,
29/03/2024 10:20,36.36,74.96,
29/03/2024 10:30,36.37,74.99,
29/03/2024 10:40,36.39,75.02,
29/03/2024 10:50,36.26,75,
29/03/2024 11:00,36.27,75.05,
29/03/2024 11:10,36.29,75.1,
29/03/2024 11:20,36.3,75.16,
29/03/2024 11:30,36.32,75.21,
29/03/2024 11:40,36.33,75.27,
29/03/2024 11:50,36.35,75.32,
29/03/2024 12:00,36.36,75.38,
29/03/2024 12:10,36.38,75.43,
29/03/2024 12:20,36.4,75.49,
29/03/2024 12:30,36.42,75.37,
29/03/2024 12:40,36.41,75.41,
29/03/2024 12:50,36.39,75.46,
29/03/2024 13:00,36.37,75.51,
29/03/2024 13:10,36.35,75.55,
29/03/2024 13:20,36.34,75.6,
29/03/2024 13:30,36.32,75.65,
29/03/2024 13:40,36.3,75.69,
29/03/2024 13:50,36.28,75.74,
29/03/2024 14:00,36.26,75.79,
29/03/2024 14:10,36.39,75.62,
29/03/2024 14:20,36.37,75.66,
29/03/2024 14:30,36.35,75.7,
29/03/2024 14:40,36.33,75.74,
29/03/2024 14:50,36.31,75.78,
29/03/2024 15:00,36.29,75.83,
29/03/2024 15:10,36.27,75.87,
29/03/2024 15:20,36.25,75.91,
29/03/2024 15:30,36.23,75.95,
29/03/2024 15:40,36.2,76,
29/03/2024 15:50,35.9,75.85,
29/03/2024 16:00,35.95,70.04,
29/03/2024 16:10,36,64.22,
29/03/2024 16:20,36.06,58.4,
29/03/2024 16:30,36.11,52.58,
29/03/2024 16:40,36.17,46.77,
29/03/2024 16:50,36.22,40.95,
29/03/2024 17:00,36.28,35.13,
29/03/2024 17:10,36.33,29.31,
29/03/2024 17:20,36.39,23.49,
29/03/2024 17:30,36.15,48.54,
29/03/2024 17:40,36.19,51.01,
29/03/2024 17:50,36.23,53.48,
29/03/2024 18:00,36.27,55.95,
29/03/2024 18:10,36.31,58.42,
29/03/2024 18:20,36.35,60.9,
29/03/2024 18:30,36.39,63.37,
29/03/2024 18:40,36.43,65.84,
29/03/2024 18:50,36.47,68.31,
29/03/2024 19:00,36.52,70.79,
29/03/2024 19:10,36.39,59.46,
29/03/2024 19:20,36.37,59.64,
29/03/2024 19:30,36.35,59.83,
29/03/2024 19:40,36.33,60.01,
29/03/2024 19:50,36.31,60.2,
29/03/2024 20:00,36.29,60.38,
29/03/2024 20:10,36.27,60.57,
29/03/2024 20:20,36.25,60.75,
29/03/2024 20:30,36.23,60.94,
29/03/2024 20:40,36.2,61.13,
29/03/2024 20:50,36.15,61.16,
29/03/2024 21:00,36.17,61.28,
29/03/2024 21:10,36.2,61.4,
29/03/2024 21:20,36.23,61.53,
29/03/2024 21:30,36.26,61.65,
29/03/2024 21:40,36.28,61.78,
29/03/2024 21:50,36.31,61.9,
29/03/2024 22:00,36.34,62.03,
29/03/2024 22:10,36.37,62.15,
29/03/2024 22:20,36.4,62.28,
29/03/2024 22:30,36.38,62.18,
29/03/2024 22:40,36.36,62.26,
29/03/2024 22:50,36.34,62.34,
29/03/2024 23:00,36.32,62.43,
29/03/2024 23:10,36.3,62.51,
29/03/2024 23:20,36.28,62.59,
29/03/2024 23:30,36.26,62.68,
29/03/2024 23:40,36.24,62.76,
29/03/2024 23:50,36.22,62.84,
30/03/2024 0:00,36.2,62.93,
30/03/2024 0:10,36.38,62.78,
30/03/2024 0:20,36.36,62.87,
30/03/2024 0:30,36.34,62.97,
30/03/2024 0:40,36.32,63.07,
30/03/2024 0:50,36.3,63.16,
30/03/2024 1:00,36.28,63.26,
30/03/2024 1:10,36.26,63.36,
30/03/2024 1:20,36.24,63.45,
30/03/2024 1:30,36.22,63.55,
30/03/2024 1:40,36.2,63.65,
30/03/2024 1:50,36.15,63.46,
30/03/2024 2:00,36.17,63.52,
30/03/2024 2:10,36.19,63.59,
30/03/2024 2:20,36.22,63.66,
30/03/2024 2:30,36.24,63.73,
30/03/2024 2:40,36.26,63.8,
30/03/2024 2:50,36.29,63.87,
30/03/2024 3:00,36.31,63.94,
30/03/2024 3:10,36.33,64.01,
30/03/2024 3:20,36.36,64.08,
30/03/2024 3:30,36.17,63.98,
30/03/2024 3:40,36.19,64.07,
30/03/2024 3:50,36.22,64.16,
30/03/2024 4:00,36.24,64.26,
30/03/2024 4:10,36.27,64.35,
30/03/2024 4:20,36.29,64.45,
30/03/2024 4:30,36.32,64.54,
30/03/2024 4:40,36.34,64.64,
30/03/2024 4:50,36.37,64.73,
30/03/2024 5:00,36.4,64.83,
30/03/2024 5:10,36.25,66.12,
30/03/2024 5:20,36.28,65.94,
30/03/2024 5:30,36.31,65.76,
30/03/2024 5:40,36.34,65.58,
30/03/2024 5:50,36.37,65.4,
30/03/2024 6:00,36.4,65.22,
30/03/2024 6:10,36.43,65.04,
30/03/2024 6:20,36.46,64.86,
30/03/2024 6:30,36.49,64.68,
30/03/2024 6:40,36.52,64.5,
30/03/2024 6:50,36.36,66.23,
30/03/2024 7:00,36.38,66.31,
30/03/2024 7:10,36.4,66.4,
30/03/2024 7:20,36.43,66.48,
30/03/2024 7:30,36.45,66.57,
30/03/2024 7:40,36.48,66.65,
30/03/2024 7:50,36.5,66.74,
30/03/2024 8:00,36.53,66.82,
30/03/2024 8:10,36.55,66.91,
30/03/2024 8:20,36.58,67,
30/03/2024 8:30,36.64,66.81,
30/03/2024 8:40,36.62,66.87,
30/03/2024 8:50,36.59,66.94,
30/03/2024 9:00,36.56,67.01,
30/03/2024 9:10,36.53,67.07,
30/03/2024 9:20,36.51,67.14,
30/03/2024 9:30,36.48,67.21,
30/03/2024 9:40,36.45,67.27,
30/03/2024 9:50,36.42,67.34,
30/03/2024 10:00,36.39,67.41,
30/03/2024 10:10,36.63,67.45,
30/03/2024 10:20,36.61,67.52,
30/03/2024 10:30,36.58,67.6,
30/03/2024 10:40,36.55,67.68,
30/03/2024 10:50,36.52,67.76,
30/03/2024 11:00,36.5,67.83,
30/03/2024 11:10,36.47,67.91,
30/03/2024 11:20,36.44,67.99,
30/03/2024 11:30,36.41,68.07,
30/03/2024 11:40,36.38,68.15,
30/03/2024 11:50,36.52,68.18,
30/03/2024 12:00,36.51,68.24,
30/03/2024 12:10,36.49,68.3,
30/03/2024 12:20,36.47,68.36,
30/03/2024 12:30,36.45,68.42,
30/03/2024 12:40,36.44,68.49,
30/03/2024 12:50,36.42,68.55,
30/03/2024 13:00,36.4,68.61,
30/03/2024 13:10,36.38,68.67,
30/03/2024 13:20,36.36,68.74,
30/03/2024 13:30,36.58,68.69,
30/03/2024 13:40,36.56,68.74,
30/03/2024 13:50,36.54,68.8,
30/03/2024 14:00,36.52,68.86,
30/03/2024 14:10,36.5,68.92,
30/03/2024 14:20,36.47,68.97,
30/03/2024 14:30,36.45,69.03,
30/03/2024 14:40,36.43,69.09,
30/03/2024 14:50,36.41,69.15,
30/03/2024 15:00,36.38,69.21,
30/03/2024 15:10,36.28,69.13,
30/03/2024 15:20,36.31,69.16,
30/03/2024 15:30,36.35,69.2,
30/03/2024 15:40,36.39,69.24,
30/03/2024 15:50,36.42,69.28,
30/03/2024 16:00,36.46,69.31,
30/03/2024 16:10,36.5,69.35,
30/03/2024 16:20,36.53,69.39,
30/03/2024 16:30,36.57,69.43,
30/03/2024 16:40,36.61,69.47,
30/03/2024 16:50,36.52,69.61,
30/03/2024 17:00,36.5,69.65,
30/03/2024 17:10,36.47,69.7,
30/03/2024 17:20,36.44,69.74,
30/03/2024 17:30,36.41,69.79,
30/03/2024 17:40,36.38,69.83,
30/03/2024 17:50,36.35,69.88,
30/03/2024 18:00,36.32,69.92,
30/03/2024 18:10,36.29,69.97,
30/03/2024 18:20,36.26,70.02,
30/03/2024 18:30,36.52,70.31,
30/03/2024 18:40,36.51,70.25,
30/03/2024 18:50,36.49,70.18,
30/03/2024 19:00,36.48,70.11,
30/03/2024 19:10,36.46,70.05,
30/03/2024 19:20,36.45,69.98,
30/03/2024 19:30,36.43,69.91,
30/03/2024 19:40,36.42,69.85,
30/03/2024 19:50,36.4,69.78,
30/03/2024 20:00,36.38,69.71,
30/03/2024 20:10,36.39,69.84,
30/03/2024 20:20,36.37,69.77,
30/03/2024 20:30,36.34,69.69,
30/03/2024 20:40,36.31,69.62,
30/03/2024 20:50,36.29,69.54,
30/03/2024 21:00,36.26,69.47,
30/03/2024 21:10,36.23,69.39,
30/03/2024 21:20,36.21,69.32,
30/03/2024 21:30,36.18,69.24,
30/03/2024 21:40,36.15,69.16,
30/03/2024 21:50,36.5,69.15,
30/03/2024 22:00,36.47,69.19,
30/03/2024 22:10,36.43,69.24,
30/03/2024 22:20,36.39,69.29,
30/03/2024 22:30,36.35,69.34,
30/03/2024 22:40,36.31,69.39,
30/03/2024 22:50,36.27,69.44,
30/03/2024 23:00,36.23,69.49,
30/03/2024 23:10,36.19,69.54,
30/03/2024 23:20,36.15,69.59,
30/03/2024 23:30,36.15,69.53,
30/03/2024 23:40,36.17,69.49,
30/03/2024 23:50,36.2,69.44,
31/03/2024 0:00,36.23,69.4,
31/03/2024 0:10,36.25,69.35,
31/03/2024 0:20,36.28,69.31,
31/03/2024 0:30,36.31,69.26,
31/03/2024 0:40,36.33,69.22,
31/03/2024 0:50,36.36,69.17,
31/03/2024 1:00,36.39,69.12,
31/03/2024 1:10,36.17,69.42,
31/03/2024 1:20,36.2,69.39,
31/03/2024 1:30,36.24,69.36,
31/03/2024 1:40,36.28,69.33,
31/03/2024 1:50,36.32,69.3,
31/03/2024 2:00,36.36,69.26,
31/03/2024 2:10,36.4,69.23,
31/03/2024 2:20,36.44,69.2,
31/03/2024 2:30,36.48,69.17,
31/03/2024 2:40,36.52,69.13,
31/03/2024 2:50,36.25,69.17,
31/03/2024 3:00,36.28,69.19,
31/03/2024 3:10,36.32,69.22,
31/03/2024 3:20,36.36,69.25,
31/03/2024 3:30,36.39,69.28,
31/03/2024 3:40,36.43,69.31,
31/03/2024 3:50,36.47,69.34,
31/03/2024 4:00,36.5,69.37,
31/03/2024 4:10,36.54,69.4,
31/03/2024 4:20,36.58,69.43,
31/03/2024 4:30,36.15,69.39,
31/03/2024 4:40,36.18,69.45,
31/03/2024 4:50,36.21,69.51,
31/03/2024 5:00,36.24,69.58,
31/03/2024 5:10,36.27,69.64,
31/03/2024 5:20,36.31,69.7,
31/03/2024 5:30,36.34,69.77,
31/03/2024 5:40,36.37,69.83,
31/03/2024 5:50,36.4,69.89,
31/03/2024 6:00,36.44,69.96,
31/03/2024 6:10,36.38,69.95,
31/03/2024 6:20,36.4,70.06,
31/03/2024 6:30,36.43,70.18,
31/03/2024 6:40,36.45,70.3,
31/03/2024 6:50,36.48,70.42,
31/03/2024 7:00,36.5,70.53,
31/03/2024 7:10,36.53,70.65,
31/03/2024 7:20,36.55,70.77,
31/03/2024 7:30,36.58,70.89,
31/03/2024 7:40,36.61,71.01,
31/03/2024 7:50,36.39,70.86,
31/03/2024 8:00,36.41,70.92,
31/03/2024 8:10,36.44,70.98,
31/03/2024 8:20,36.47,71.04,
31/03/2024 8:30,36.5,71.1,
31/03/2024 8:40,36.52,71.17,
31/03/2024 8:50,36.55,71.23,
31/03/2024 9:00,36.58,71.29,
31/03/2024 9:10,36.61,71.35,
31/03/2024 9:20,36.64,71.42,
31/03/2024 9:30,36.52,71.37,
31/03/2024 9:40,36.51,71.42,
31/03/2024 9:50,36.49,71.47,
31/03/2024 10:00,36.48,71.53,
31/03/2024 10:10,36.46,71.58,
31/03/2024 10:20,36.45,71.63,
31/03/2024 10:30,36.43,71.69,
31/03/2024 10:40,36.42,71.74,
31/03/2024 10:50,36.4,71.79,
31/03/2024 11:00,36.38,71.85,
31/03/2024 11:10,36.63,71.92,
31/03/2024 11:20,36.59,71.97,
31/03/2024 11:30,36.55,72.03,
31/03/2024 11:40,36.51,72.09,
31/03/2024 11:50,36.47,72.15,
31/03/2024 12:00,36.43,72.2,
31/03/2024 12:10,36.39,72.26,
31/03/2024 12:20,36.35,72.32,
31/03/2024 12:30,36.31,72.38,
31/03/2024 12:40,36.26,72.44,
31/03/2024 12:50,36.36,72.33,
31/03/2024 13:00,36.37,72.36,
31/03/2024 13:10,36.39,72.4,
31/03/2024 13:20,36.41,72.44,
31/03/2024 13:30,36.43,72.48,
31/03/2024 13:40,36.44,72.52,
31/03/2024 13:50,36.46,72.56,
31/03/2024 14:00,36.48,72.6,
31/03/2024 14:10,36.5,72.64,
31/03/2024 14:20,36.52,72.68,
31/03/2024 14:30,36.33,72.6,
31/03/2024 14:40,36.35,72.62,
31/03/2024 14:50,36.37,72.65,
31/03/2024 15:00,36.4,72.68,
31/03/2024 15:10,36.42,72.71,
31/03/2024 15:20,36.44,72.74,
31/03/2024 15:30,36.47,72.77,
31/03/2024 15:40,36.49,72.8,
31/03/2024 15:50,36.51,72.83,
31/03/2024 16:00,36.54,72.86,
31/03/2024 16:10,36.58,72.87,
31/03/2024 16:20,36.56,72.85,
31/03/2024 16:30,36.54,72.82,
31/03/2024 16:40,36.52,72.79,
31/03/2024 16:50,36.5,72.77,
31/03/2024 17:00,36.47,72.74,
31/03/2024 17:10,36.45,72.71,
31/03/2024 17:20,36.43,72.69,
31/03/2024 17:30,36.41,72.66,
31/03/2024 17:40,36.38,72.63,
31/03/2024 17:50,36.58,72.66,
31/03/2024 18:00,36.56,72.69,
31/03/2024 18:10,36.54,72.72,
31/03/2024 18:20,36.52,72.75,
31/03/2024 18:30,36.5,72.78,
31/03/2024 18:40,36.47,72.81,
31/03/2024 18:50,36.45,72.84,
31/03/2024 19:00,36.43,72.87,
31/03/2024 19:10,36.41,72.9,
31/03/2024 19:20,36.38,72.94,
31/03/2024 19:30,36.52,73.02,
31/03/2024 19:40,36.49,72.94,
31/03/2024 19:50,36.45,72.86,
31/03/2024 20:00,36.41,72.78,
31/03/2024 20:10,36.37,72.7,
31/03/2024 20:20,36.33,72.61,
31/03/2024 20:30,36.29,72.53,
31/03/2024 20:40,36.25,72.45,
31/03/2024 20:50,36.21,72.37,
31/03/2024 21:00,36.17,72.28,
31/03/2024 21:10,36.52,72.27,
31/03/2024 21:20,36.48,72.24,
31/03/2024 21:30,36.44,72.2,
31/03/2024 21:40,36.4,72.16,
31/03/2024 21:50,36.36,72.12,
31/03/2024 22:00,36.32,72.08,
31/03/2024 22:10,36.28,72.04,
31/03/2024 22:20,36.24,72,
31/03/2024 22:30,36.2,71.96,
31/03/2024 22:40,36.15,71.92,
31/03/2024 22:50,36.2,72.31,
31/03/2024 23:00,36.22,72.29,
31/03/2024 23:10,36.24,72.26,
31/03/2024 23:20,36.26,72.23,
31/03/2024 23:30,36.28,72.2,
31/03/2024 23:40,36.3,72.17,
31/03/2024 23:50,36.32,72.14,
1/04/2024 0:00,36.34,72.11,
1/04/2024 0:10,36.36,72.08,
1/04/2024 0:20,36.39,72.05,
1/04/2024 0:30,36.4,71.96,
1/04/2024 0:40,36.38,71.99,
1/04/2024 0:50,36.36,72.02,
1/04/2024 1:00,36.34,72.06,
1/04/2024 1:10,36.32,72.09,
1/04/2024 1:20,36.29,72.12,
1/04/2024 1:30,36.27,72.16,
1/04/2024 1:40,36.25,72.19,
1/04/2024 1:50,36.23,72.22,
1/04/2024 2:00,36.2,72.26,
1/04/2024 2:10,36.39,72.32,
1/04/2024 2:20,36.37,72.31,
1/04/2024 2:30,36.34,72.3,
1/04/2024 2:40,36.31,72.28,
1/04/2024 2:50,36.29,72.27,
1/04/2024 3:00,36.26,72.26,
1/04/2024 3:10,36.23,72.24,
1/04/2024 3:20,36.21,72.23,
1/04/2024 3:30,36.18,72.22,
1/04/2024 3:40,36.15,72.2,
1/04/2024 3:50,36.33,72.33,
1/04/2024 4:00,36.35,72.29,
1/04/2024 4:10,36.37,72.25,
1/04/2024 4:20,36.39,72.21,
1/04/2024 4:30,36.41,72.17,
1/04/2024 4:40,36.43,72.13,
1/04/2024 4:50,36.45,72.09,
1/04/2024 5:00,36.47,72.05,
1/04/2024 5:10,36.49,72.01,
1/04/2024 5:20,36.52,71.96,
1/04/2024 5:30,36.33,72.17,
1/04/2024 5:40,36.36,72.28,
1/04/2024 5:50,36.39,72.39,
1/04/2024 6:00,36.43,72.5,
1/04/2024 6:10,36.46,72.61,
1/04/2024 6:20,36.49,72.73,
1/04/2024 6:30,36.53,72.84,
1/04/2024 6:40,36.56,72.95,
1/04/2024 6:50,36.59,73.06,
1/04/2024 7:00,36.63,73.18,
1/04/2024 7:10,36.39,73.28,
1/04/2024 7:20,36.41,73.31,
1/04/2024 7:30,36.43,73.35,
1/04/2024 7:40,36.46,73.39,
1/04/2024 7:50,36.48,73.42,
1/04/2024 8:00,36.51,73.46,
1/04/2024 8:10,36.53,73.5,
1/04/2024 8:20,36.56,73.53,
1/04/2024 8:30,36.58,73.57,
1/04/2024 8:40,36.61,73.61,
1/04/2024 8:50,36.39,73.67,
1/04/2024 9:00,36.41,73.72,
1/04/2024 9:10,36.44,73.78,
1/04/2024 9:20,36.47,73.84,
1/04/2024 9:30,36.49,73.9,
1/04/2024 9:40,36.52,73.96,
1/04/2024 9:50,36.55,74.02,
1/04/2024 10:00,36.57,74.08,
1/04/2024 10:10,36.6,74.14,
1/04/2024 10:20,36.63,74.2,
1/04/2024 10:30,36.58,74.11,
1/04/2024 10:40,36.56,74.13,
1/04/2024 10:50,36.54,74.16,
1/04/2024 11:00,36.52,74.18,
1/04/2024 11:10,36.5,74.21,
1/04/2024 11:20,36.48,74.23,
1/04/2024 11:30,36.46,74.26,
1/04/2024 11:40,36.44,74.28,
1/04/2024 11:50,36.42,74.31,
1/04/2024 12:00,36.4,74.34,
1/04/2024 12:10,36.44,74.31,
1/04/2024 12:20,36.46,74.34,
1/04/2024 12:30,36.48,74.37,
1/04/2024 12:40,36.5,74.4,
1/04/2024 12:50,36.52,74.43,
1/04/2024 13:00,36.54,74.46,
1/04/2024 13:10,36.56,74.49,
1/04/2024 13:20,36.58,74.52,
1/04/2024 13:30,36.6,74.55,
1/04/2024 13:40,36.63,74.58,
1/04/2024 13:50,36.58,74.46,
1/04/2024 14:00,36.56,74.5,
1/04/2024 14:10,36.53,74.54,
1/04/2024 14:20,36.51,74.58,
1/04/2024 14:30,36.48,74.62,
1/04/2024 14:40,36.46,74.67,
1/04/2024 14:50,36.43,74.71,
1/04/2024 15:00,36.41,74.75,
1/04/2024 15:10,36.38,74.79,
1/04/2024 15:20,36.35,74.84,
1/04/2024 15:30,36.29,74.68,
1/04/2024 15:40,36.31,74.75,
1/04/2024 15:50,36.34,74.83,
1/04/2024 16:00,36.36,74.9,
1/04/2024 16:10,36.39,74.98,
1/04/2024 16:20,36.41,75.05,
1/04/2024 16:30,36.44,75.13,
1/04/2024 16:40,36.46,75.2,
1/04/2024 16:50,36.49,75.28,
1/04/2024 17:00,36.52,75.36,
1/04/2024 17:10,35.9,48.22,
1/04/2024 17:20,35.94,51.21,
1/04/2024 17:30,35.99,54.2,
1/04/2024 17:40,36.04,57.2,
1/04/2024 17:50,36.09,60.19,
1/04/2024 18:00,36.13,63.19,
1/04/2024 18:10,36.18,66.18,
1/04/2024 18:20,36.23,69.18,
1/04/2024 18:30,36.28,72.17,
1/04/2024 18:40,36.33,75.17,
1/04/2024 18:50,36.19,65.7,
1/04/2024 19:00,36.18,65.96,
1/04/2024 19:10,36.17,66.23,
1/04/2024 19:20,36.16,66.5,
1/04/2024 19:30,36.15,66.76,
1/04/2024 19:40,36.13,67.03,
1/04/2024 19:50,36.12,67.3,
1/04/2024 20:00,36.11,67.56,
1/04/2024 20:10,36.1,67.83,
1/04/2024 20:20,36.08,68.1,
1/04/2024 20:30,35.92,67.77,
1/04/2024 20:40,35.94,67.87,
1/04/2024 20:50,35.97,67.97,
1/04/2024 21:00,35.99,68.07,
1/04/2024 21:10,36.02,68.17,
1/04/2024 21:20,36.04,68.27,
1/04/2024 21:30,36.07,68.37,
1/04/2024 21:40,36.09,68.47,
1/04/2024 21:50,36.12,68.57,
1/04/2024 22:00,36.15,68.67,
1/04/2024 22:10,36.16,68.73,
1/04/2024 22:20,36.14,68.67,
1/04/2024 22:30,36.11,68.61,
1/04/2024 22:40,36.08,68.54,
1/04/2024 22:50,36.05,68.48,
1/04/2024 23:00,36.02,68.41,
1/04/2024 23:10,35.99,68.35,
1/04/2024 23:20,35.96,68.28,
1/04/2024 23:30,35.93,68.22,
1/04/2024 23:40,35.9,68.15,
1/04/2024 23:50,36.15,69.2,
2/04/2024 0:00,36.13,69.11,
2/04/2024 0:10,36.1,69.02,
2/04/2024 0:20,36.07,68.93,
2/04/2024 0:30,36.04,68.84,
2/04/2024 0:40,36.02,68.75,
2/04/2024 0:50,35.99,68.66,
2/04/2024 1:00,35.96,68.57,
2/04/2024 1:10,35.93,68.48,
2/04/2024 1:20,35.9,68.38,
2/04/2024 1:30,36.15,68.27,
2/04/2024 1:40,36.13,68.33,
2/04/2024 1:50,36.1,68.4,
2/04/2024 2:00,36.08,68.47,
2/04/2024 2:10,36.05,68.54,
2/04/2024 2:20,36.03,68.6,
2/04/2024 2:30,36,68.67,
2/04/2024 2:40,35.98,68.74,
2/04/2024 2:50,35.95,68.81,
2/04/2024 3:00,35.92,68.88,
2/04/2024 3:10,36.26,68.06,
2/04/2024 3:20,36.23,68.12,
2/04/2024 3:30,36.19,68.18,
2/04/2024 3:40,36.15,68.25,
2/04/2024 3:50,36.11,68.31,
2/04/2024 4:00,36.08,68.38,
2/04/2024 4:10,36.04,68.44,
2/04/2024 4:20,36,68.51,
2/04/2024 4:30,35.96,68.57,
2/04/2024 4:40,35.92,68.64,
2/04/2024 4:50,36.02,68.15,
2/04/2024 5:00,36.05,68.22,
2/04/2024 5:10,36.09,68.29,
2/04/2024 5:20,36.13,68.36,
2/04/2024 5:30,36.17,68.43,
2/04/2024 5:40,36.2,68.5,
2/04/2024 5:50,36.24,68.57,
2/04/2024 6:00,36.28,68.64,
2/04/2024 6:10,36.32,68.71,
2/04/2024 6:20,36.36,68.78,
2/04/2024 6:30,36.2,68.63,
2/04/2024 6:40,36.22,68.72,
2/04/2024 6:50,36.25,68.81,
2/04/2024 7:00,36.28,68.91,
2/04/2024 7:10,36.3,69,
2/04/2024 7:20,36.33,69.09,
2/04/2024 7:30,36.36,69.19,
2/04/2024 7:40,36.38,69.28,
2/04/2024 7:50,36.41,69.37,
2/04/2024 8:00,36.44,69.47,
2/04/2024 8:10,36.2,69.1,
2/04/2024 8:20,36.23,69.16,
2/04/2024 8:30,36.27,69.22,
2/04/2024 8:40,36.3,69.29,
2/04/2024 8:50,36.34,69.35,
2/04/2024 9:00,36.37,69.42,
2/04/2024 9:10,36.41,69.48,
2/04/2024 9:20,36.44,69.55,
2/04/2024 9:30,36.48,69.61,
2/04/2024 9:40,36.52,69.68,
2/04/2024 9:50,36.38,69.42,
2/04/2024 10:00,36.36,69.52,
2/04/2024 10:10,36.33,69.62,
2/04/2024 10:20,36.31,69.72,
2/04/2024 10:30,36.28,69.82,
2/04/2024 10:40,36.26,69.92,
2/04/2024 10:50,36.23,70.02,
2/04/2024 11:00,36.21,70.12,
2/04/2024 11:10,36.18,70.22,
2/04/2024 11:20,36.15,70.32,
2/04/2024 11:30,36.2,70.03,
2/04/2024 11:40,36.21,70.1,
2/04/2024 11:50,36.22,70.18,
2/04/2024 12:00,36.23,70.25,
2/04/2024 12:10,36.24,70.33,
2/04/2024 12:20,36.25,70.4,
2/04/2024 12:30,36.26,70.48,
2/04/2024 12:40,36.27,70.55,
2/04/2024 12:50,36.28,70.63,
2/04/2024 13:00,36.29,70.71,
2/04/2024 13:10,36.2,70.35,
2/04/2024 13:20,36.21,70.42,
2/04/2024 13:30,36.23,70.49,
2/04/2024 13:40,36.25,70.56,
2/04/2024 13:50,36.26,70.63,
2/04/2024 14:00,36.28,70.7,
2/04/2024 14:10,36.3,70.77,
2/04/2024 14:20,36.31,70.84,
2/04/2024 14:30,36.33,70.91,
2/04/2024 14:40,36.35,70.98,
2/04/2024 14:50,36.15,70.53,
2/04/2024 15:00,36.17,70.61,
2/04/2024 15:10,36.19,70.7,
2/04/2024 15:20,36.22,70.79,
2/04/2024 15:30,36.24,70.88,
2/04/2024 15:40,36.26,70.96,
2/04/2024 15:50,36.29,71.05,
2/04/2024 16:00,36.31,71.14,
2/04/2024 16:10,36.33,71.23,
2/04/2024 16:20,36.36,71.32,
2/04/2024 16:30,36.15,70.92,
2/04/2024 16:40,36.16,70.99,
2/04/2024 16:50,36.17,71.07,
2/04/2024 17:00,36.18,71.15,
2/04/2024 17:10,36.19,71.23,
2/04/2024 17:20,36.21,71.3,
2/04/2024 17:30,36.22,71.38,
2/04/2024 17:40,36.23,71.46,
2/04/2024 17:50,36.24,71.54,
2/04/2024 18:00,36.26,71.62,
2/04/2024 18:10,36.27,71.03,
2/04/2024 18:20,36.25,71.11,
2/04/2024 18:30,36.23,71.19,
2/04/2024 18:40,36.21,71.27,
2/04/2024 18:50,36.19,71.35,
2/04/2024 19:00,36.17,71.43,
2/04/2024 19:10,36.15,71.51,
2/04/2024 19:20,36.13,71.59,
2/04/2024 19:30,36.11,71.67,
2/04/2024 19:40,36.08,71.76,
2/04/2024 19:50,36.08,71.12,
2/04/2024 20:00,36.1,71.17,
2/04/2024 20:10,36.13,71.23,
2/04/2024 20:20,36.16,71.28,
2/04/2024 20:30,36.19,71.34,
2/04/2024 20:40,36.21,71.39,
2/04/2024 20:50,36.24,71.45,
2/04/2024 21:00,36.27,71.5,
2/04/2024 21:10,36.3,71.56,
2/04/2024 21:20,36.33,71.62,
2/04/2024 21:30,36.02,71.74,
2/04/2024 21:40,36.03,71.68,
2/04/2024 21:50,36.04,71.62,
2/04/2024 22:00,36.06,71.55,
2/04/2024 22:10,36.07,71.49,
2/04/2024 22:20,36.09,71.42,
2/04/2024 22:30,36.1,71.36,
2/04/2024 22:40,36.12,71.29,
2/04/2024 22:50,36.13,71.23,
2/04/2024 23:00,36.15,71.16,
2/04/2024 23:10,36.26,71.04,
2/04/2024 23:20,36.25,71.05,
2/04/2024 23:30,36.24,71.07,
2/04/2024 23:40,36.23,71.09,
2/04/2024 23:50,36.22,71.11,
3/04/2024 0:00,36.2,71.13,
3/04/2024 0:10,36.19,71.15,
3/04/2024 0:20,36.18,71.17,
3/04/2024 0:30,36.17,71.19,
3/04/2024 0:40,36.15,71.21,
3/04/2024 0:50,36.02,71.1,
3/04/2024 1:00,36.03,71.18,
3/04/2024 1:10,36.05,71.26,
3/04/2024 1:20,36.07,71.35,
3/04/2024 1:30,36.08,71.43,
3/04/2024 1:40,36.1,71.51,
3/04/2024 1:50,36.12,71.6,
3/04/2024 2:00,36.13,71.68,
3/04/2024 2:10,36.15,71.76,
3/04/2024 2:20,36.17,71.85,
3/04/2024 2:30,36.2,71.79,
3/04/2024 2:40,36.19,71.75,
3/04/2024 2:50,36.18,71.7,
3/04/2024 3:00,36.16,71.65,
3/04/2024 3:10,36.15,71.61,
3/04/2024 3:20,36.14,71.56,
3/04/2024 3:30,36.12,71.51,
3/04/2024 3:40,36.11,71.47,
3/04/2024 3:50,36.1,71.42,
3/04/2024 4:00,36.08,71.37,
3/04/2024 4:10,36.08,71.97,
3/04/2024 4:20,36.1,71.9,
3/04/2024 4:30,36.13,71.83,
3/04/2024 4:40,36.16,71.76,
3/04/2024 4:50,36.19,71.69,
3/04/2024 5:00,36.21,71.61,
3/04/2024 5:10,36.24,71.54,
3/04/2024 5:20,36.27,71.47,
3/04/2024 5:30,36.3,71.4,
3/04/2024 5:40,36.33,71.32,
3/04/2024 5:50,36.04,71.28,
3/04/2024 6:00,36.07,71.39,
3/04/2024 6:10,36.11,71.5,
3/04/2024 6:20,36.15,71.61,
3/04/2024 6:30,36.19,71.72,
3/04/2024 6:40,36.23,71.83,
3/04/2024 6:50,36.27,71.94,
3/04/2024 7:00,36.31,72.05,
3/04/2024 7:10,36.35,72.16,
3/04/2024 7:20,36.39,72.28,
3/04/2024 7:30,36.39,71.92,
3/04/2024 7:40,36.37,71.99,
3/04/2024 7:50,36.34,72.06,
3/04/2024 8:00,36.31,72.13,
3/04/2024 8:10,36.29,72.2,
3/04/2024 8:20,36.26,72.28,
3/04/2024 8:30,36.23,72.35,
3/04/2024 8:40,36.21,72.42,
3/04/2024 8:50,36.18,72.49,
3/04/2024 9:00,36.15,72.57,
3/04/2024 9:10,36.26,72.14,
3/04/2024 9:20,36.27,72.23,
3/04/2024 9:30,36.28,72.32,
3/04/2024 9:40,36.3,72.41,
3/04/2024 9:50,36.31,72.5,
3/04/2024 10:00,36.33,72.59,
3/04/2024 10:10,36.34,72.68,
3/04/2024 10:20,36.36,72.77,
3/04/2024 10:30,36.37,72.86,
3/04/2024 10:40,36.39,72.96,
3/04/2024 10:50,36.39,72.66,
3/04/2024 11:00,36.37,72.75,
3/04/2024 11:10,36.35,72.85,
3/04/2024 11:20,36.32,72.95,
3/04/2024 11:30,36.3,73.04,
3/04/2024 11:40,36.27,73.14,
3/04/2024 11:50,36.25,73.24,
3/04/2024 12:00,36.22,73.33,
3/04/2024 12:10,36.2,73.43,
3/04/2024 12:20,36.17,73.53,
3/04/2024 12:30,36.15,73.18,
3/04/2024 12:40,36.17,73.23,
3/04/2024 12:50,36.2,73.29,
3/04/2024 13:00,36.23,73.35,
3/04/2024 13:10,36.25,73.41,
3/04/2024 13:20,36.28,73.47,
3/04/2024 13:30,36.31,73.53,
3/04/2024 13:40,36.33,73.59,
3/04/2024 13:50,36.36,73.65,
3/04/2024 14:00,36.39,73.71,
3/04/2024 14:10,36.2,73.41,
3/04/2024 14:20,36.17,69.51,
3/04/2024 14:30,36.14,65.61,
3/04/2024 14:40,36.1,61.71,
3/04/2024 14:50,36.07,57.81,
3/04/2024 15:00,36.04,53.9,
3/04/2024 15:10,36,50,
3/04/2024 15:20,35.97,46.1,
3/04/2024 15:30,35.94,42.2,
3/04/2024 15:40,35.9,38.29,
3/04/2024 15:50,36.2,68.38,
3/04/2024 16:00,36.18,65.58,
3/04/2024 16:10,36.16,62.77,
3/04/2024 16:20,36.14,59.97,
3/04/2024 16:30,36.12,57.16,
3/04/2024 16:40,36.1,54.36,
3/04/2024 16:50,36.08,51.55,
3/04/2024 17:00,36.06,48.75,
3/04/2024 17:10,36.04,45.94,
3/04/2024 17:20,36.02,43.13,
3/04/2024 17:30,36.21,52.34,
3/04/2024 17:40,36.2,53.1,
3/04/2024 17:50,36.19,53.86,
3/04/2024 18:00,36.18,54.63,
3/04/2024 18:10,36.17,55.39,
3/04/2024 18:20,36.16,56.15,
3/04/2024 18:30,36.15,56.92,
3/04/2024 18:40,36.14,57.68,
3/04/2024 18:50,36.13,58.44,
3/04/2024 19:00,36.11,59.21,
3/04/2024 19:10,36.26,59.47,
3/04/2024 19:20,36.22,59.72,
3/04/2024 19:30,36.18,59.98,
3/04/2024 19:40,36.14,60.24,
3/04/2024 19:50,36.1,60.5,
3/04/2024 20:00,36.06,60.76,
3/04/2024 20:10,36.02,61.02,
3/04/2024 20:20,35.98,61.28,
3/04/2024 20:30,35.94,61.54,
3/04/2024 20:40,35.9,61.8,
3/04/2024 20:50,35.9,61.94,
3/04/2024 21:00,35.92,62.14,
3/04/2024 21:10,35.95,62.34,
3/04/2024 21:20,35.98,62.54,
3/04/2024 21:30,36.01,62.74,
3/04/2024 21:40,36.03,62.94,
3/04/2024 21:50,36.06,63.14,
3/04/2024 22:00,36.09,63.34,
3/04/2024 22:10,36.12,63.54,
3/04/2024 22:20,36.15,63.75,
3/04/2024 22:30,36.07,63.17,
3/04/2024 22:40,36.08,63.33,
3/04/2024 22:50,36.09,63.49,
3/04/2024 23:00,36.11,63.65,
3/04/2024 23:10,36.12,63.81,
3/04/2024 23:20,36.14,63.97,
3/04/2024 23:30,36.15,64.13,
3/04/2024 23:40,36.17,64.29,
3/04/2024 23:50,36.18,64.45,
4/04/2024 0:00,36.2,64.61,
4/04/2024 0:10,36.11,64.56,
4/04/2024 0:20,36.11,64.69,
4/04/2024 0:30,36.12,64.83,
4/04/2024 0:40,36.12,64.97,
4/04/2024 0:50,36.13,65.11,
4/04/2024 1:00,36.13,65.25,
4/04/2024 1:10,36.14,65.39,
4/04/2024 1:20,36.14,65.53,
4/04/2024 1:30,36.15,65.67,
4/04/2024 1:40,36.16,65.81,
4/04/2024 1:50,36.02,65.86,
4/04/2024 2:00,36.04,65.95,
4/04/2024 2:10,36.07,66.05,
4/04/2024 2:20,36.09,66.15,
4/04/2024 2:30,36.12,66.24,
4/04/2024 2:40,36.14,66.34,
4/04/2024 2:50,36.17,66.44,
4/04/2024 3:00,36.19,66.53,
4/04/2024 3:10,36.22,66.63,
4/04/2024 3:20,36.25,66.73,
4/04/2024 3:30,36.15,66.52,
4/04/2024 3:40,36.15,66.51,
4/04/2024 3:50,36.15,66.49,
4/04/2024 4:00,36.15,66.47,
4/04/2024 4:10,36.15,66.46,
4/04/2024 4:20,36.16,66.44,
4/04/2024 4:30,36.16,66.42,
4/04/2024 4:40,36.16,66.41,
4/04/2024 4:50,36.16,66.39,
4/04/2024 5:00,36.17,66.37,
4/04/2024 5:10,36.15,66.38,
4/04/2024 5:20,36.17,66.49,
4/04/2024 5:30,36.19,66.6,
4/04/2024 5:40,36.22,66.71,
4/04/2024 5:50,36.24,66.82,
4/04/2024 6:00,36.27,66.93,
4/04/2024 6:10,36.29,67.04,
4/04/2024 6:20,36.32,67.15,
4/04/2024 6:30,36.34,67.26,
4/04/2024 6:40,36.37,67.37,
4/04/2024 6:50,36.24,67.14,
4/04/2024 7:00,36.25,67.21,
4/04/2024 7:10,36.27,67.29,
4/04/2024 7:20,36.29,67.36,
4/04/2024 7:30,36.3,67.44,
4/04/2024 7:40,36.32,67.51,
4/04/2024 7:50,36.34,67.59,
4/04/2024 8:00,36.35,67.66,
4/04/2024 8:10,36.37,67.74,
4/04/2024 8:20,36.39,67.82,
4/04/2024 8:30,36.2,67.3,
4/04/2024 8:40,36.22,67.38,
4/04/2024 8:50,36.24,67.47,
4/04/2024 9:00,36.26,67.55,
4/04/2024 9:10,36.28,67.64,
4/04/2024 9:20,36.3,67.72,
4/04/2024 9:30,36.32,67.81,
4/04/2024 9:40,36.34,67.89,
4/04/2024 9:50,36.36,67.98,
4/04/2024 10:00,36.38,68.07,
4/04/2024 10:10,36.39,67.64,
4/04/2024 10:20,36.37,67.71,
4/04/2024 10:30,36.35,67.78,
4/04/2024 10:40,36.32,67.86,
4/04/2024 10:50,36.3,67.93,
4/04/2024 11:00,36.27,68.01,
4/04/2024 11:10,36.25,68.08,
4/04/2024 11:20,36.22,68.16,
4/04/2024 11:30,36.2,68.23,
4/04/2024 11:40,36.17,68.31,
4/04/2024 11:50,36.38,68.72,
4/04/2024 12:00,36.36,68.63,
4/04/2024 12:10,36.33,68.54,
4/04/2024 12:20,36.31,68.45,
4/04/2024 12:30,36.28,68.36,
4/04/2024 12:40,36.26,68.27,
4/04/2024 12:50,36.23,68.18,
4/04/2024 13:00,36.21,68.09,
4/04/2024 13:10,36.18,68,
4/04/2024 13:20,36.15,67.91,
4/04/2024 13:30,36.26,68.24,
4/04/2024 13:40,36.25,68.31,
4/04/2024 13:50,36.24,68.39,
4/04/2024 14:00,36.23,68.46,
4/04/2024 14:10,36.22,68.54,
4/04/2024 14:20,36.2,68.61,
4/04/2024 14:30,36.19,68.69,
4/04/2024 14:40,36.18,68.76,
4/04/2024 14:50,36.17,68.84,
4/04/2024 15:00,36.15,68.92,
4/04/2024 15:10,36.15,68.39,
4/04/2024 15:20,36.17,68.44,
4/04/2024 15:30,36.2,68.5,
4/04/2024 15:40,36.23,68.56,
4/04/2024 15:50,36.25,68.62,
4/04/2024 16:00,36.28,68.68,
4/04/2024 16:10,36.31,68.74,
4/04/2024 16:20,36.33,68.8,
4/04/2024 16:30,36.36,68.86,
4/04/2024 16:40,36.39,68.92,
4/04/2024 16:50,36.13,68.35,
4/04/2024 17:00,36.14,68.41,
4/04/2024 17:10,36.15,68.48,
4/04/2024 17:20,36.17,68.55,
4/04/2024 17:30,36.18,68.61,
4/04/2024 17:40,36.2,68.68,
4/04/2024 17:50,36.21,68.75,
4/04/2024 18:00,36.23,68.81,
4/04/2024 18:10,36.24,68.88,
4/04/2024 18:20,36.26,68.95,
4/04/2024 18:30,36.08,68.88,
4/04/2024 18:40,36.1,68.81,
4/04/2024 18:50,36.12,68.74,
4/04/2024 19:00,36.14,68.66,
4/04/2024 19:10,36.16,68.59,
4/04/2024 19:20,36.18,68.52,
4/04/2024 19:30,36.2,68.44,
4/04/2024 19:40,36.22,68.37,
4/04/2024 19:50,36.24,68.3,
4/04/2024 20:00,36.26,68.22,
4/04/2024 20:10,36.15,68.62,
4/04/2024 20:20,36.13,68.55,
4/04/2024 20:30,36.1,68.47,
4/04/2024 20:40,36.07,68.39,
4/04/2024 20:50,36.04,68.32,
4/04/2024 21:00,36.02,68.24,
4/04/2024 21:10,35.99,68.16,
4/04/2024 21:20,35.96,68.09,
4/04/2024 21:30,35.93,68.01,
4/04/2024 21:40,35.9,67.93,
4/04/2024 21:50,35.9,67.8,
4/04/2024 22:00,35.92,67.87,
4/04/2024 22:10,35.95,67.94,
4/04/2024 22:20,35.98,68.01,
4/04/2024 22:30,36.01,68.08,
4/04/2024 22:40,36.03,68.15,
4/04/2024 22:50,36.06,68.22,
4/04/2024 23:00,36.09,68.29,
4/04/2024 23:10,36.12,68.36,
4/04/2024 23:20,36.15,68.43,
4/04/2024 23:30,36.15,68.55,
4/04/2024 23:40,36.13,68.49,
4/04/2024 23:50,36.11,68.43,
5/04/2024 0:00,36.09,68.37,
5/04/2024 0:10,36.07,68.31,
5/04/2024 0:20,36.04,68.24,
5/04/2024 0:30,36.02,68.18,
5/04/2024 0:40,36,68.12,
5/04/2024 0:50,35.98,68.06,
5/04/2024 1:00,35.95,67.99,
5/04/2024 1:10,35.9,67.89,
5/04/2024 1:20,35.92,67.95,
5/04/2024 1:30,35.95,68.01,
5/04/2024 1:40,35.98,68.08,
5/04/2024 1:50,36.01,68.14,
5/04/2024 2:00,36.03,68.2,
5/04/2024 2:10,36.06,68.27,
5/04/2024 2:20,36.09,68.33,
5/04/2024 2:30,36.12,68.39,
5/04/2024 2:40,36.15,68.46,
5/04/2024 2:50,35.95,68,
5/04/2024 3:00,35.97,68.05,
5/04/2024 3:10,35.99,68.1,
5/04/2024 3:20,36.01,68.16,
5/04/2024 3:30,36.03,68.21,
5/04/2024 3:40,36.06,68.27,
5/04/2024 3:50,36.08,68.32,
5/04/2024 4:00,36.1,68.38,
5/04/2024 4:10,36.12,68.43,
5/04/2024 4:20,36.15,68.49,
5/04/2024 4:30,36.17,67.97,
5/04/2024 4:40,36.15,68.04,
5/04/2024 4:50,36.13,68.11,
5/04/2024 5:00,36.1,68.19,
5/04/2024 5:10,36.08,68.26,
5/04/2024 5:20,36.05,68.33,
5/04/2024 5:30,36.03,68.41,
5/04/2024 5:40,36,68.48,
5/04/2024 5:50,35.98,68.55,
5/04/2024 6:00,35.95,68.63,
5/04/2024 6:10,36.15,68.45,
5/04/2024 6:20,36.16,68.48,
5/04/2024 6:30,36.17,68.52,
5/04/2024 6:40,36.18,68.56,
5/04/2024 6:50,36.19,68.6,
5/04/2024 7:00,36.21,68.63,
5/04/2024 7:10,36.22,68.67,
5/04/2024 7:20,36.23,68.71,
5/04/2024 7:30,36.24,68.75,
5/04/2024 7:40,36.26,68.79,
5/04/2024 7:50,36.33,68.73,
5/04/2024 8:00,36.31,68.8,
5/04/2024 8:10,36.29,68.87,
5/04/2024 8:20,36.27,68.94,
5/04/2024 8:30,36.25,69.01,
5/04/2024 8:40,36.23,69.09,
5/04/2024 8:50,36.21,69.16,
5/04/2024 9:00,36.19,69.23,
5/04/2024 9:10,36.17,69.3,
5/04/2024 9:20,36.15,69.38,
5/04/2024 9:30,36.15,69.11,
5/04/2024 9:40,36.17,69.16,
5/04/2024 9:50,36.2,69.21,
5/04/2024 10:00,36.22,69.26,
5/04/2024 10:10,36.25,69.31,
5/04/2024 10:20,36.27,69.36,
5/04/2024 10:30,36.3,69.41,
5/04/2024 10:40,36.32,69.46,
5/04/2024 10:50,36.35,69.51,
5/04/2024 11:00,36.38,69.57,
5/04/2024 11:10,36.26,33,
5/04/2024 11:20,36.24,37.05,
5/04/2024 11:30,36.21,41.11,
5/04/2024 11:40,36.18,45.16,
5/04/2024 11:50,36.16,49.22,
5/04/2024 12:00,36.13,53.27,
5/04/2024 12:10,36.1,57.33,
5/04/2024 12:20,36.08,61.38,
5/04/2024 12:30,36.05,65.44,
5/04/2024 12:40,36.02,69.5,
5/04/2024 12:50,35.9,71.15,
5/04/2024 13:00,35.95,69.9,
5/04/2024 13:10,36,68.65,
5/04/2024 13:20,36.06,67.39,
5/04/2024 13:30,36.11,66.14,
5/04/2024 13:40,36.17,64.89,
5/04/2024 13:50,36.22,63.63,
5/04/2024 14:00,36.28,62.38,
5/04/2024 14:10,36.33,61.13,
5/04/2024 14:20,36.39,59.87,
5/04/2024 14:30,36.17,71.2,
5/04/2024 14:40,36.19,71.41,
5/04/2024 14:50,36.21,71.62,
5/04/2024 15:00,36.23,71.83,
5/04/2024 15:10,36.25,72.04,
5/04/2024 15:20,36.27,72.26,
5/04/2024 15:30,36.29,72.47,
5/04/2024 15:40,36.31,72.68,
5/04/2024 15:50,36.33,72.89,
5/04/2024 16:00,36.36,73.11,
5/04/2024 16:10,36.15,72.62,
5/04/2024 16:20,36.17,72.69,
5/04/2024 16:30,36.19,72.76,
5/04/2024 16:40,36.21,72.83,
5/04/2024 16:50,36.23,72.9,
5/04/2024 17:00,36.25,72.97,
5/04/2024 17:10,36.27,73.04,
5/04/2024 17:20,36.29,73.11,
5/04/2024 17:30,36.31,73.18,
5/04/2024 17:40,36.33,73.26,
5/04/2024 17:50,36.2,73.01,
5/04/2024 18:00,36.22,73.05,
5/04/2024 18:10,36.24,73.1,
5/04/2024 18:20,36.26,73.15,
5/04/2024 18:30,36.28,73.2,
5/04/2024 18:40,36.3,73.24,
5/04/2024 18:50,36.32,73.29,
5/04/2024 19:00,36.34,73.34,
5/04/2024 19:10,36.36,73.39,
5/04/2024 19:20,36.39,73.44,
5/04/2024 19:30,36.38,73.26,
5/04/2024 19:40,36.36,73.32,
5/04/2024 19:50,36.33,73.38,
5/04/2024 20:00,36.3,73.44,
5/04/2024 20:10,36.27,73.5,
5/04/2024 20:20,36.25,73.56,
5/04/2024 20:30,36.22,73.62,
5/04/2024 20:40,36.19,73.68,
5/04/2024 20:50,36.16,73.74,
5/04/2024 21:00,36.13,73.8,
5/04/2024 21:10,36.26,73.2,
5/04/2024 21:20,36.24,73.26,
5/04/2024 21:30,36.21,73.32,
5/04/2024 21:40,36.18,73.39,
5/04/2024 21:50,36.16,73.45,
5/04/2024 22:00,36.13,73.51,
5/04/2024 22:10,36.1,73.58,
5/04/2024 22:20,36.08,73.64,
5/04/2024 22:30,36.05,73.7,
5/04/2024 22:40,36.02,73.77,
5/04/2024 22:50,36.15,73.76,
5/04/2024 23:00,36.16,73.71,
5/04/2024 23:10,36.17,73.65,
5/04/2024 23:20,36.18,73.59,
5/04/2024 23:30,36.19,73.53,
5/04/2024 23:40,36.21,73.48,
5/04/2024 23:50,36.22,73.42,
6/04/2024 0:00,36.23,73.36,
6/04/2024 0:10,36.24,73.3,
6/04/2024 0:20,36.26,73.24,
6/04/2024 0:30,36.15,73.23,
6/04/2024 0:40,36.16,73.28,
6/04/2024 0:50,36.17,73.33,
6/04/2024 1:00,36.19,73.38,
6/04/2024 1:10,36.2,73.43,
6/04/2024 1:20,36.21,73.49,
6/04/2024 1:30,36.23,73.54,
6/04/2024 1:40,36.24,73.59,
6/04/2024 1:50,36.25,73.64,
6/04/2024 2:00,36.27,73.7,
6/04/2024 2:10,36.36,73.2,
6/04/2024 2:20,36.34,73.25,
6/04/2024 2:30,36.32,73.31,
6/04/2024 2:40,36.29,73.37,
6/04/2024 2:50,36.27,73.43,
6/04/2024 3:00,36.25,73.48,
6/04/2024 3:10,36.22,73.54,
6/04/2024 3:20,36.2,73.6,
6/04/2024 3:30,36.18,73.66,
6/04/2024 3:40,36.15,73.72,
6/04/2024 3:50,36.15,73.45,
6/04/2024 4:00,36.17,73.52,
6/04/2024 4:10,36.2,73.59,
6/04/2024 4:20,36.23,73.66,
6/04/2024 4:30,36.25,73.73,
6/04/2024 4:40,36.28,73.81,
6/04/2024 4:50,36.31,73.88,
6/04/2024 5:00,36.33,73.95,
6/04/2024 5:10,36.36,74.02,
6/04/2024 5:20,36.39,74.1,
6/04/2024 5:30,36.17,73.62,
6/04/2024 5:40,36.19,73.71,
6/04/2024 5:50,36.21,73.8,
6/04/2024 6:00,36.24,73.89,
6/04/2024 6:10,36.26,73.98,
6/04/2024 6:20,36.29,74.07,
6/04/2024 6:30,36.31,74.16,
6/04/2024 6:40,36.34,74.25,
6/04/2024 6:50,36.36,74.34,
6/04/2024 7:00,36.39,74.44,
6/04/2024 7:10,36.17,73.82,
6/04/2024 7:20,36.2,73.86,
6/04/2024 7:30,36.24,73.91,
6/04/2024 7:40,36.28,73.96,
6/04/2024 7:50,36.32,74,
6/04/2024 8:00,36.36,74.05,
6/04/2024 8:10,36.4,74.1,
6/04/2024 8:20,36.44,74.14,
6/04/2024 8:30,36.48,74.19,
6/04/2024 8:40,36.52,74.24,
6/04/2024 8:50,36.45,74.09,
6/04/2024 9:00,36.43,74.11,
6/04/2024 9:10,36.41,74.14,
6/04/2024 9:20,36.39,74.17,
6/04/2024 9:30,36.37,74.19,
6/04/2024 9:40,36.35,74.22,
6/04/2024 9:50,36.33,74.25,
6/04/2024 10:00,36.31,74.27,
6/04/2024 10:10,36.29,74.3,
6/04/2024 10:20,36.26,74.33,
6/04/2024 10:30,36.26,74.28,
6/04/2024 10:40,36.28,74.35,
6/04/2024 10:50,36.31,74.43,
6/04/2024 11:00,36.34,74.51,
6/04/2024 11:10,36.37,74.59,
6/04/2024 11:20,36.4,74.66,
6/04/2024 11:30,36.43,74.74,
6/04/2024 11:40,36.46,74.82,
6/04/2024 11:50,36.49,74.9,
6/04/2024 12:00,36.52,74.98,
6/04/2024 12:10,36.4,74.64,
6/04/2024 12:20,36.38,74.74,
6/04/2024 12:30,36.36,74.84,
6/04/2024 12:40,36.34,74.95,
6/04/2024 12:50,36.32,75.05,
6/04/2024 13:00,36.29,75.15,
6/04/2024 13:10,36.27,75.26,
6/04/2024 13:20,36.25,75.36,
6/04/2024 13:30,36.23,75.46,
6/04/2024 13:40,36.2,75.57,
6/04/2024 13:50,36.36,75.21,
6/04/2024 14:00,36.31,70.27,
6/04/2024 14:10,36.26,65.32,
6/04/2024 14:20,36.21,60.37,
6/04/2024 14:30,36.16,55.42,
6/04/2024 14:40,36.11,50.47,
6/04/2024 14:50,36.06,45.52,
6/04/2024 15:00,36.01,40.57,
6/04/2024 15:10,35.96,35.62,
6/04/2024 15:20,35.9,30.67,
6/04/2024 15:30,35.9,45.96,
6/04/2024 15:40,35.92,46.12,
6/04/2024 15:50,35.95,46.28,
6/04/2024 16:00,35.98,46.45,
6/04/2024 16:10,36.01,46.61,
6/04/2024 16:20,36.03,46.77,
6/04/2024 16:30,36.06,46.94,
6/04/2024 16:40,36.09,47.1,
6/04/2024 16:50,36.12,47.26,
6/04/2024 17:00,36.15,47.43,
6/04/2024 17:10,35.76,47.51,
6/04/2024 17:20,35.79,47.47,
6/04/2024 17:30,35.83,47.43,
6/04/2024 17:40,35.86,47.39,
6/04/2024 17:50,35.9,47.35,
6/04/2024 18:00,35.93,47.31,
6/04/2024 18:10,35.97,47.27,
6/04/2024 18:20,36,47.23,
6/04/2024 18:30,36.04,47.19,
6/04/2024 18:40,36.08,47.14,
6/04/2024 18:50,36.02,47.14,
6/04/2024 19:00,36,47.06,
6/04/2024 19:10,35.97,46.98,
6/04/2024 19:20,35.94,46.89,
6/04/2024 19:30,35.91,46.81,
6/04/2024 19:40,35.88,46.73,
6/04/2024 19:50,35.85,46.64,
6/04/2024 20:00,35.82,46.56,
6/04/2024 20:10,35.79,46.48,
6/04/2024 20:20,35.76,46.39,
6/04/2024 20:30,35.8,46.2,
6/04/2024 20:40,35.79,46.08,
6/04/2024 20:50,35.77,45.96,
6/04/2024 21:00,35.75,45.84,
6/04/2024 21:10,35.73,45.72,
6/04/2024 21:20,35.72,45.6,
6/04/2024 21:30,35.7,45.48,
6/04/2024 21:40,35.68,45.36,
6/04/2024 21:50,35.66,45.24,
6/04/2024 22:00,35.64,45.12,
6/04/2024 22:10,35.67,44.96,
6/04/2024 22:20,35.69,44.84,
6/04/2024 22:30,35.72,44.72,
6/04/2024 22:40,35.74,44.6,
6/04/2024 22:50,35.77,44.48,
6/04/2024 23:00,35.79,44.35,
6/04/2024 23:10,35.82,44.23,
6/04/2024 23:20,35.84,44.11,
6/04/2024 23:30,35.87,43.99,
6/04/2024 23:40,35.9,43.86,
6/04/2024 23:50,35.65,43.68,
7/04/2024 0:00,35.67,43.58,
7/04/2024 0:10,35.7,43.48,
7/04/2024 0:20,35.73,43.38,
7/04/2024 0:30,35.76,43.28,
7/04/2024 0:40,35.78,43.18,
7/04/2024 0:50,35.81,43.08,
7/04/2024 1:00,35.84,42.98,
7/04/2024 1:10,35.87,42.88,
7/04/2024 1:20,35.9,42.77,
7/04/2024 1:30,35.64,42.6,
7/04/2024 1:40,35.66,42.5,
7/04/2024 1:50,35.69,42.4,
7/04/2024 2:00,35.72,42.3,
7/04/2024 2:10,35.75,42.2,
7/04/2024 2:20,35.78,42.09,
7/04/2024 2:30,35.81,41.99,
7/04/2024 2:40,35.84,41.89,
7/04/2024 2:50,35.87,41.79,
7/04/2024 3:00,35.9,41.68,
7/04/2024 3:10,35.64,41.78,
7/04/2024 3:20,35.66,41.63,
7/04/2024 3:30,35.69,41.48,
7/04/2024 3:40,35.72,41.33,
7/04/2024 3:50,35.75,41.18,
7/04/2024 4:00,35.78,41.03,
7/04/2024 4:10,35.81,40.88,
7/04/2024 4:20,35.84,40.73,
7/04/2024 4:30,35.87,40.58,
7/04/2024 4:40,35.9,40.42,
7/04/2024 4:50,35.7,40.2,
7/04/2024 5:00,35.72,40.03,
7/04/2024 5:10,35.74,39.86,
7/04/2024 5:20,35.76,39.69,
7/04/2024 5:30,35.78,39.52,
7/04/2024 5:40,35.81,39.35,
7/04/2024 5:50,35.83,39.18,
7/04/2024 6:00,35.85,39.01,
7/04/2024 6:10,35.87,38.84,
7/04/2024 6:20,35.9,38.66,
7/04/2024 6:30,35.9,38.56,
7/04/2024 6:40,35.92,38.46,
7/04/2024 6:50,35.95,38.36,
7/04/2024 7:00,35.98,38.25,
7/04/2024 7:10,36.01,38.15,
7/04/2024 7:20,36.03,38.05,
7/04/2024 7:30,36.06,37.94,
7/04/2024 7:40,36.09,37.84,
7/04/2024 7:50,36.12,37.74,
7/04/2024 8:00,36.15,37.63,
7/04/2024 8:10,35.9,37.44,
7/04/2024 8:20,35.92,37.4,
7/04/2024 8:30,35.94,37.35,
7/04/2024 8:40,35.96,37.31,
7/04/2024 8:50,35.98,37.26,
7/04/2024 9:00,36,37.22,
7/04/2024 9:10,36.02,37.17,
7/04/2024 9:20,36.04,37.13,
7/04/2024 9:30,36.06,37.08,
7/04/2024 9:40,36.08,37.03,
7/04/2024 9:50,35.95,36.88,
7/04/2024 10:00,35.97,36.78,
7/04/2024 10:10,35.99,36.68,
7/04/2024 10:20,36.01,36.58,
7/04/2024 10:30,36.03,36.48,
7/04/2024 10:40,36.06,36.38,
7/04/2024 10:50,36.08,36.28,
7/04/2024 11:00,36.1,36.18,
7/04/2024 11:10,36.12,36.08,
7/04/2024 11:20,36.15,35.97,
7/04/2024 11:30,35.9,35.84,
7/04/2024 11:40,35.92,35.76,
7/04/2024 11:50,35.95,35.68,
7/04/2024 12:00,35.98,35.59,
7/04/2024 12:10,36.01,35.51,
7/04/2024 12:20,36.03,35.43,
7/04/2024 12:30,36.06,35.34,
7/04/2024 12:40,36.09,35.26,
7/04/2024 12:50,36.12,35.18,
7/04/2024 13:00,36.15,35.09,
7/04/2024 13:10,35.9,35.03,
7/04/2024 13:20,35.92,34.95,
7/04/2024 13:30,35.95,34.87,
7/04/2024 13:40,35.98,34.79,
7/04/2024 13:50,36.01,34.71,
7/04/2024 14:00,36.03,34.63,
7/04/2024 14:10,36.06,34.55,
7/04/2024 14:20,36.09,34.47,
7/04/2024 14:30,36.12,34.39,
7/04/2024 14:40,36.15,34.31,
7/04/2024 14:50,36.15,34.19,
7/04/2024 15:00,36.13,34.13,
7/04/2024 15:10,36.1,34.06,
7/04/2024 15:20,36.07,33.99,
7/04/2024 15:30,36.04,33.92,
7/04/2024 15:40,36.02,33.86,
7/04/2024 15:50,35.99,33.79,
7/04/2024 16:00,35.96,33.72,
7/04/2024 16:10,35.93,33.65,
7/04/2024 16:20,35.9,33.58,
7/04/2024 16:30,36.15,33.4,
7/04/2024 16:40,36.12,33.33,
7/04/2024 16:50,36.08,33.26,
7/04/2024 17:00,36.05,33.19,
7/04/2024 17:10,36.01,33.12,
7/04/2024 17:20,35.98,33.05,
7/04/2024 17:30,35.94,32.98,
7/04/2024 17:40,35.91,32.91,
7/04/2024 17:50,35.87,32.84,
7/04/2024 18:00,35.83,32.77,
7/04/2024 18:10,36.15,32.78,
7/04/2024 18:20,36.13,32.72,
7/04/2024 18:30,36.1,32.65,
7/04/2024 18:40,36.07,32.58,
7/04/2024 18:50,36.04,32.51,
7/04/2024 19:00,36.02,32.44,
7/04/2024 19:10,35.99,32.37,
7/04/2024 19:20,35.96,32.3,
7/04/2024 19:30,35.93,32.23,
7/04/2024 19:40,35.9,32.16,
7/04/2024 19:50,36.15,32.11,
7/04/2024 20:00,36.1,32.05,
7/04/2024 20:10,36.05,31.99,
7/04/2024 20:20,36,31.93,
7/04/2024 20:30,35.95,31.87,
7/04/2024 20:40,35.9,31.81,
7/04/2024 20:50,35.85,31.75,
7/04/2024 21:00,35.8,31.69,
7/04/2024 21:10,35.75,31.63,
7/04/2024 21:20,35.7,31.57,
7/04/2024 21:30,35.9,31.48,
7/04/2024 21:40,35.88,31.41,
7/04/2024 21:50,35.85,31.34,
7/04/2024 22:00,35.82,31.26,
7/04/2024 22:10,35.79,31.19,
7/04/2024 22:20,35.77,31.12,
7/04/2024 22:30,35.74,31.04,
7/04/2024 22:40,35.71,30.97,
7/04/2024 22:50,35.68,30.9,
7/04/2024 23:00,35.65,30.82,
7/04/2024 23:10,35.64,30.85,
7/04/2024 23:20,35.67,30.83,
7/04/2024 23:30,35.7,30.8,
7/04/2024 23:40,35.74,30.77,
7/04/2024 23:50,35.77,30.74,
8/04/2024 0:00,35.81,30.72,
8/04/2024 0:10,35.84,30.69,
8/04/2024 0:20,35.88,30.66,
8/04/2024 0:30,35.91,30.63,
8/04/2024 0:40,35.95,30.6,
8/04/2024 0:50,35.95,30.57,
8/04/2024 1:00,35.93,30.55,
8/04/2024 1:10,35.9,30.52,
8/04/2024 1:20,35.87,30.5,
8/04/2024 1:30,35.84,30.47,
8/04/2024 1:40,35.82,30.45,
8/04/2024 1:50,35.79,30.42,
8/04/2024 2:00,35.76,30.4,
8/04/2024 2:10,35.73,30.37,
8/04/2024 2:20,35.7,30.34,
8/04/2024 2:30,35.65,30.33,
8/04/2024 2:40,35.67,30.3,
8/04/2024 2:50,35.7,30.26,
8/04/2024 3:00,35.73,30.22,
8/04/2024 3:10,35.76,30.18,
8/04/2024 3:20,35.78,30.15,
8/04/2024 3:30,35.81,30.11,
8/04/2024 3:40,35.84,30.07,
8/04/2024 3:50,35.87,30.03,
8/04/2024 4:00,35.9,29.99,
8/04/2024 4:10,35.9,29.91,
8/04/2024 4:20,35.88,29.88,
8/04/2024 4:30,35.86,29.84,
8/04/2024 4:40,35.84,29.8,
8/04/2024 4:50,35.82,29.76,
8/04/2024 5:00,35.79,29.73,
8/04/2024 5:10,35.77,29.69,
8/04/2024 5:20,35.75,29.65,
8/04/2024 5:30,35.73,29.61,
8/04/2024 5:40,35.7,29.57,
8/04/2024 5:50,35.7,29.56,
8/04/2024 6:00,35.75,29.52,
8/04/2024 6:10,35.8,29.48,
8/04/2024 6:20,35.85,29.44,
8/04/2024 6:30,35.9,29.4,
8/04/2024 6:40,35.95,29.36,
8/04/2024 6:50,36,29.32,
8/04/2024 7:00,36.05,29.28,
8/04/2024 7:10,36.1,29.24,
8/04/2024 7:20,36.15,29.2,
8/04/2024 7:30,36.15,29.26,
8/04/2024 7:40,36.13,29.24,
8/04/2024 7:50,36.1,29.21,
8/04/2024 8:00,36.07,29.18,
8/04/2024 8:10,36.04,29.15,
8/04/2024 8:20,36.02,29.12,
8/04/2024 8:30,35.99,29.09,
8/04/2024 8:40,35.96,29.06,
8/04/2024 8:50,35.93,29.03,
8/04/2024 9:00,35.9,29,
8/04/2024 9:10,36.15,29.04,
8/04/2024 9:20,36.13,29.01,
8/04/2024 9:30,36.11,28.98,
8/04/2024 9:40,36.09,28.95,
8/04/2024 9:50,36.07,28.92,
8/04/2024 10:00,36.04,28.89,
8/04/2024 10:10,36.02,28.86,
8/04/2024 10:20,36,28.83,
8/04/2024 10:30,35.98,28.8,
8/04/2024 10:40,35.95,28.76,
8/04/2024 10:50,35.9,28.87,
8/04/2024 11:00,35.92,28.84,
8/04/2024 11:10,35.94,28.81,
8/04/2024 11:20,35.97,28.78,
8/04/2024 11:30,35.99,28.75,
8/04/2024 11:40,36.01,28.72,
8/04/2024 11:50,36.04,28.69,
8/04/2024 12:00,36.06,28.66,
8/04/2024 12:10,36.08,28.63,
8/04/2024 12:20,36.11,28.59,
8/04/2024 12:30,35.86,28.67,
8/04/2024 12:40,35.87,28.63,
8/04/2024 12:50,35.89,28.59,
8/04/2024 13:00,35.91,28.55,
8/04/2024 13:10,35.93,28.51,
8/04/2024 13:20,35.94,28.47,
8/04/2024 13:30,35.96,28.43,
8/04/2024 13:40,35.98,28.39,
8/04/2024 13:50,36,28.35,
8/04/2024 14:00,36.02,28.31,
8/04/2024 14:10,36.15,28.42,
8/04/2024 14:20,36.11,28.39,
8/04/2024 14:30,36.07,28.36,
8/04/2024 14:40,36.03,28.33,
8/04/2024 14:50,35.99,28.3,
8/04/2024 15:00,35.94,28.27,
8/04/2024 15:10,35.9,28.24,
8/04/2024 15:20,35.86,28.21,
8/04/2024 15:30,35.82,28.18,
8/04/2024 15:40,35.77,28.14,
8/04/2024 15:50,35.76,28.06,
8/04/2024 16:00,35.8,28.04,
8/04/2024 16:10,35.84,28.02,
8/04/2024 16:20,35.89,28,
8/04/2024 16:30,35.93,27.98,
8/04/2024 16:40,35.97,27.96,
8/04/2024 16:50,36.02,27.94,
8/04/2024 17:00,36.06,27.92,
8/04/2024 17:10,36.1,27.9,
8/04/2024 17:20,36.15,27.88,
8/04/2024 17:30,35.93,27.87,
8/04/2024 17:40,35.76,27.73,
8/04/2024 17:50,31.9,18.81,
